-- phpMyAdmin SQL Dump
-- version 5.2.0
-- https://www.phpmyadmin.net/
--
-- Host: 127.0.0.1
-- Generation Time: Aug 09, 2022 at 08:11 PM
-- Server version: 10.4.24-MariaDB
-- PHP Version: 8.1.6

SET SQL_MODE = "NO_AUTO_VALUE_ON_ZERO";
START TRANSACTION;
SET time_zone = "+00:00";


/*!40101 SET @OLD_CHARACTER_SET_CLIENT=@@CHARACTER_SET_CLIENT */;
/*!40101 SET @OLD_CHARACTER_SET_RESULTS=@@CHARACTER_SET_RESULTS */;
/*!40101 SET @OLD_COLLATION_CONNECTION=@@COLLATION_CONNECTION */;
/*!40101 SET NAMES utf8mb4 */;

--
-- Database: `pet_shop_db`
--

-- --------------------------------------------------------

--
-- Table structure for table `care_and_disease`
--

CREATE TABLE `care_and_disease` (
  `id` int(30) NOT NULL,
  `category_id` int(30) NOT NULL,
  `sub_category_id` int(30) NOT NULL,
  `care_and_disease_name` varchar(250) NOT NULL,
  `description` text NOT NULL,
  `status` tinyint(1) NOT NULL DEFAULT 1,
  `date_created` datetime NOT NULL DEFAULT current_timestamp()
) ENGINE=InnoDB DEFAULT CHARSET=latin1;

--
-- Dumping data for table `care_and_disease`
--

INSERT INTO `care_and_disease` (`id`, `category_id`, `sub_category_id`, `care_and_disease_name`, `description`, `status`, `date_created`) VALUES
(1, 1, 1, 'How to tame dogs', '&lt;p&gt;We all know that &ldquo;dogs are a man&rsquo;s best friend&rdquo;. However, occasionally, especially during stressful times such as travel, it seems as though the universe flips a switch and suddenly your pup has forgotten all of his training. When this happens, and all those hours you spent teaching him how to behave seem wasted, we&rsquo;ve got the tips and tricks to keep you covered.&lt;/p&gt;&lt;p&gt;&lt;br&gt;&lt;/p&gt;&lt;p&gt;&lt;br&gt;&lt;/p&gt;&lt;p&gt;1. Give Your Dog Attention On A Regular Basis&lt;/p&gt;&lt;p&gt;Most often, your dog acts out after being left alone or being neglected. It is important to remember to give your dogs the attention that they deserve and to set out at least 30 minutes a day of playtime to rid him or her of built up energy.&amp;nbsp; &amp;nbsp; &amp;nbsp;&lt;/p&gt;&lt;p&gt;&lt;br&gt;&lt;/p&gt;&lt;p&gt;2. Establish A Routine&lt;/p&gt;&lt;p&gt;Animals, like humans, benefit from an order in their lives. Sticking to a regular routine can help your animal regulate his or her behavior throughout the day. This can be as simple as feeding your pet at the same time each day or can go beyond meals to daily exercise routines or park walks.&lt;/p&gt;&lt;p&gt;&lt;br&gt;&lt;/p&gt;&lt;p&gt;3. Ignore Their Poor Behavior&lt;/p&gt;&lt;p&gt;It is important not to reward an animal for poor behavior. When your dog is acting out, do not give him or her a treat but rather ignore the behavior. This will prevent your dog from expecting attention and rewards for misbehaving, and will prevent the repetition of such behavior.&lt;/p&gt;&lt;p&gt;&lt;br&gt;&lt;/p&gt;&lt;p&gt;4. Use The Crate&lt;/p&gt;&lt;p&gt;A crate, if used properly, can provide a comforting and familiar place for your pet to reside, especially during travel. A change of scenery can cause anxiety for your puppy, and the crate can act as a place for the animal to retreat to in times of distress. Fill the crate with toys and the occasional treat and you will find that he or she becomes better accustomed to their second home.&lt;/p&gt;&lt;p&gt;&lt;br&gt;&lt;/p&gt;&lt;p&gt;5. Go For A Walk&lt;/p&gt;&lt;p&gt;This can serve as a quick release of energy for your animal, and ensures that the animal gets to experience the outdoors in the company of their trusty owner. Take a walk around one of Sunland&rsquo;s many pet-friendly RV Resorts, and by the end of the walk your dog should be tired enough for you to finally relax.&amp;nbsp;&lt;/p&gt;&lt;p&gt;&lt;br&gt;&lt;/p&gt;&lt;p&gt;6. Check Your Own Attitude&lt;/p&gt;&lt;p&gt;A dog looks up to his owner, and can sense his or her energy. He may reflect your energy even when you are unaware of it. If you are angry, anxious, or nervous during travel this shows in your body language and can affect the behavior of your pet.&lt;/p&gt;&lt;p&gt;&lt;br&gt;&lt;/p&gt;&lt;p&gt;7. Try Out Aromatherapy&lt;/p&gt;&lt;p&gt;Dogs have a very strong sense of smell, and, similarly to humans, can react positively to calming scents such as lavender. Keeping the same incense in your motor home as in your permanent home might help your animal feel more at ease.&lt;/p&gt;&lt;p&gt;&lt;br&gt;&lt;/p&gt;&lt;p&gt;8. Put On The TV&lt;/p&gt;&lt;p&gt;While you are out and about enjoying one of our beautiful properties or the many activities that we have to offer, leave the TV on so that your animal does not feel alone. The familiar sound of humans talking and the images on the screen will hold your animals&rsquo; attention.&lt;/p&gt;&lt;p&gt;&lt;br&gt;&lt;/p&gt;&lt;p&gt;9. Thundershirt&lt;/p&gt;&lt;p&gt;The Thundershirt, available at most pet stores, is a great option to try on animals with anxiety. It is a quick fix, and all you have to do is put the shirt on your dog. This shirt applies light pressure around the dog&rsquo;s body, which has proved to have a calming effect on its nervous system. It&rsquo;s like a pseudo hug!&lt;/p&gt;&lt;p&gt;&lt;br&gt;&lt;/p&gt;&lt;p&gt;10. Hug Your Dog, Make Them Feel Secure&lt;/p&gt;&lt;p&gt;When all else fails, hold your dog tight, and give him or her the love and attention that he or she desires. After all, your dog comforts you in times of distress and sometimes all you have to do is return the favor&lt;/p&gt;', 1, '2022-08-06 13:56:47'),
(3, 1, 2, 'Dog Grooming Tips', '&lt;p&gt;&lt;b&gt;Dog grooming tips:&lt;/b&gt;&lt;/p&gt;&lt;p&gt;&lt;span style=&quot;font-size: 1rem;&quot;&gt;Regular grooming is important for dogs of all breeds &ndash; it helps them maintain a shiny, tangle-free coat and gives you the chance to check for parasite infestations and skin issues, improving their overall hygiene. Plus, grooming can be a one-on-one bonding experience for you and your pet.&lt;/span&gt;&lt;br&gt;&lt;/p&gt;&lt;p&gt;&lt;span style=&quot;font-size: 1rem;&quot;&gt;Even dogs with short, low-maintenance coats need regular brushing, bathing and nail trimming. Dogs with longer coats may also need clipping and hair trimming. While you may wish to schedule regular appointments with a professional groomer &ndash; especially when it comes to clipping and trimming your dog&rsquo;s hair &ndash; these seven tips will help you establish an at-home grooming routine with your dog.&lt;/span&gt;&lt;br&gt;&lt;/p&gt;&lt;p&gt;&lt;span style=&quot;font-size: 1rem;&quot;&gt;&lt;b&gt;1. Regularly brush your dog&rsquo;s coat to prevent matting&lt;/b&gt;&lt;/span&gt;&lt;br&gt;&lt;/p&gt;&lt;p&gt;Regardless of breed, your dog will need regular brushing to keep its coat shiny and glossy. The amount of brushing per week depends on your dog&rsquo;s coat length and texture. Longhaired breeds like golden retrievers and collies will need more frequent brushing (at least once a week, if not every other day), while shorthaired breeds like greyhounds or labradors may need a good brushing only every other week.&lt;/p&gt;&lt;p&gt;&lt;span style=&quot;font-size: 1rem;&quot;&gt;For longhaired dogs, badly matted hair can cause pain. Dogs will lick or bite themselves at the source of irritation, which may result in skin infections. Foreign bodies like grass seeds can hide inside a matted coat, and can even burrow into the skin to cause an abscess. Regularly brushing your longhaired dog prevents matting from becoming a problem.&lt;/span&gt;&lt;br&gt;&lt;/p&gt;&lt;p&gt;&lt;span style=&quot;font-size: 1rem;&quot;&gt;Shorthaired dogs benefit from brushing, too. Brushing removes loose hair, dirt and dander from your dog&rsquo;s coat, extending the time between baths.&lt;/span&gt;&lt;br&gt;&lt;/p&gt;&lt;p&gt;&lt;b style=&quot;font-size: 1rem;&quot;&gt;2. Trim your dog&rsquo;s hair &ndash; but use caution&lt;/b&gt;&lt;br&gt;&lt;/p&gt;&lt;p&gt;Most dog owners prefer to take their dog to a groomer to have their dog&rsquo;s hair cut. That said, if you proceed carefully you can trim overgrown hair around your dog&rsquo;s eyes or paws in between professional groomings. Trimming the hair around your dog&rsquo;s eyes can prevent overgrown hair from blocking its vision and rubbing against and damaging its eyes.&lt;/p&gt;&lt;p&gt;&lt;span style=&quot;font-size: 1rem;&quot;&gt;Always wait until your dog is calm and preferably lying down. Move slowly and calmly, and use extra caution when scissor blades are near the skin. Make sure to reward your dog&rsquo;s calmness with a treat after you&rsquo;re finished.&lt;/span&gt;&lt;br&gt;&lt;/p&gt;&lt;p&gt;&lt;span style=&quot;font-size: 1rem;&quot;&gt;Trimming the hair inside the ears can improve air movement and help prevent ear infections. However, this is best done by an experienced groomer or at your vet clinic.&lt;/span&gt;&lt;br&gt;&lt;/p&gt;&lt;p&gt;&lt;span style=&quot;font-size: 1rem;&quot;&gt;Remember: It&rsquo;s easy to accidentally cut your pet with scissors or clippers. Always take care when trimming, and if you&rsquo;re nervous or would prefer not to trim your dog&rsquo;s hair yourself, turn to a professional grooming service.&lt;/span&gt;&lt;br&gt;&lt;/p&gt;&lt;p&gt;&lt;span style=&quot;font-size: 1rem;&quot;&gt;&lt;b&gt;3. Safely trim your dog&rsquo;s nails&lt;/b&gt;&lt;/span&gt;&lt;br&gt;&lt;/p&gt;&lt;p&gt;Trim your dog&rsquo;s nails when you hear them clicking on the hard floors in your home. This will prevent your dog from experiencing discomfort from overly long nails. However, before you trim your dog&rsquo;s nails for the first time, you&rsquo;ll need a few safety tips. Get the complete step-by-step guide to cutting your dog&rsquo;s nails safely and easily.&lt;/p&gt;&lt;p&gt;&lt;span style=&quot;font-size: 1rem;&quot;&gt;&lt;b&gt;4. Check your dog&rsquo;s skin as you groom&amp;nbsp;&lt;/b&gt;&lt;/span&gt;&lt;br&gt;&lt;/p&gt;&lt;p&gt;Allergic skin diseases are common in dogs, causing itchiness and making them scratch, chew or lick their skin. In addition to making your pet miserable, external parasites like fleas, ticks, lice and mites can transfer diseases or other parasites like the tapeworm.&lt;/p&gt;&lt;p&gt;&lt;span style=&quot;font-size: 1rem;&quot;&gt;Make a habit of checking your dog&rsquo;s skin every time you groom them. Start by running your fingers through your dog&rsquo;s coat, feeling its skin for unusual lumps or bumps. You can investigate further by parting the coat to examine the skin more closely for sores, redness, rashes, bald spots and evidence of parasitic infestations.&lt;/span&gt;&lt;/p&gt;&lt;p&gt;&lt;span style=&quot;font-size: 1rem;&quot;&gt;&lt;b&gt;5. Teach your dog to enjoy grooming sessions&amp;nbsp;&lt;/b&gt;&lt;/span&gt;&lt;br&gt;&lt;/p&gt;&lt;p&gt;Many dogs, especially puppies, need encouragement and positive reinforcement when you first introduce them to a grooming routine.&lt;/p&gt;&lt;p&gt;&lt;span style=&quot;font-size: 1rem;&quot;&gt;&lt;b&gt;These tips will help the first few at-home grooming sessions go smoothly:&amp;nbsp;&lt;/b&gt;&lt;/span&gt;&lt;br&gt;&lt;/p&gt;&lt;ul&gt;&lt;li&gt;Spread a little Vegemite on a washable surface and allow your dog or puppy to lick it off while you brush or wash them.&lt;/li&gt;&lt;li&gt;&lt;span style=&quot;font-size: 1rem;&quot;&gt;Take things slowly and give lots of treats and praise so your pup will look forward to its next pampering session.&lt;/span&gt;&lt;/li&gt;&lt;li&gt;Before bath time, lay a slip-proof mat in the tub to prevent your dog from sliding around.&lt;/li&gt;&lt;/ul&gt;&lt;p&gt;&lt;span style=&quot;font-size: 1rem;&quot;&gt;&lt;b&gt;6. Regularly check your dog&rsquo;s ears&amp;nbsp;&lt;/b&gt;&lt;/span&gt;&lt;br&gt;&lt;/p&gt;&lt;p&gt;While grooming your dog, remember to take a closer look at its ears. Ear infections can be painful, so if you notice any of the following changes or behaviours, take your dog to your vet for a check-up:&lt;/p&gt;&lt;ul&gt;&lt;li&gt;&lt;span style=&quot;font-size: 1rem;&quot;&gt;The inside of the ears is inflamed or moist.&lt;/span&gt;&lt;br&gt;&lt;/li&gt;&lt;li&gt;The ears smell odd (often, the smell of a dog ear infection is sweet).&lt;/li&gt;&lt;li&gt;Your dog shakes its head or scratches at its ears.&lt;/li&gt;&lt;li&gt;The ears contain more or a different kind of discharge than usual (a little wax is normal).&lt;/li&gt;&lt;li&gt;Whines or yelps when you examine the dog&rsquo;s ears.&lt;/li&gt;&lt;/ul&gt;&lt;p&gt;&lt;span style=&quot;font-size: 1rem;&quot;&gt;&lt;b&gt;7. Don&rsquo;t bathe your dog too often&lt;/b&gt;&lt;/span&gt;&lt;br&gt;&lt;/p&gt;&lt;p&gt;Most dogs with healthy skin only need to be bathed every couple of months to prevent hygiene issues and unpleasant odours. Bathing your dog more often than this can strip the natural oils from its coat and dry out its skin.&lt;/p&gt;&lt;p&gt;&lt;span style=&quot;font-size: 1rem;&quot;&gt;If your dog smells bad but hasn&rsquo;t rolled in something awful, then you should discuss this with your vet. Underlying issues may indicate dental disease or a skin infection.&lt;/span&gt;&lt;/p&gt;&lt;p&gt;&lt;br&gt;&lt;/p&gt;', 1, '2022-08-06 18:21:44'),
(4, 1, 2, 'Cat Grooming Tips', '&lt;p&gt;A clean cat is a happy cat, and we&#039;re here to help! From nail trims to bathing, a little maintenance goes a long way. Read on to find out how to keep your kitty&rsquo;s eyes, ears, teeth, skin and fur healthy and clean. Please note: There are some cats who do not tolerate being groomed. If your cat fights the grooming process, and there is some potential that injury could occur to your cat or yourself, please make an appointment with a professional groomer or a veterinarian to have your cat groomed.&lt;/p&gt;&lt;p&gt;&lt;span style=&quot;font-size: 18px;&quot;&gt;&lt;b&gt;Skin and Fur Care:&lt;/b&gt;&lt;/span&gt;&lt;br&gt;&lt;/p&gt;&lt;p&gt;&lt;b&gt;Cat Grooming TipsCat Grooming Tips:&lt;/b&gt;&lt;/p&gt;&lt;p&gt;&lt;b&gt;&lt;span style=&quot;font-size: 1rem;&quot;&gt;B&lt;/span&gt;athing Your Cat&lt;/b&gt;&lt;/p&gt;&lt;p&gt;&lt;span style=&quot;font-size: 1rem;&quot;&gt;With her built-in grooming tools (tongue and teeth), your fastidious feline is well-equipped to tackle her own hair care needs. But if she is very dirty or gets into something sticky or smelly, you may need to give her a bath. Follow these steps to ensure minimal stress and maximum efficiency.&lt;/span&gt;&lt;/p&gt;&lt;p&gt;&lt;span style=&quot;font-size: 1rem;&quot;&gt;&lt;br&gt;&lt;/span&gt;&lt;span style=&quot;font-size: 1rem;&quot;&gt;&lt;b&gt;Brushing Your Cat&lt;/b&gt;&lt;/span&gt;&lt;/p&gt;&lt;p&gt;&lt;span style=&quot;font-size: 1rem;&quot;&gt;Brushing your cat not only removes dirt, grease and dead hair from her coat, but it helps to remove skin flakes and stimulates blood circulation, improving the overall condition of her skin. One or two brushings per week will help kitty to keep her healthy glow&mdash;and you&rsquo;ll find that regular sessions are especially beneficial when your cat ages and is no longer able to groom so meticulously on her own.&lt;/span&gt;&lt;/p&gt;&lt;p&gt;&lt;span style=&quot;font-size: 1rem;&quot;&gt;&lt;br&gt;&lt;/span&gt;&lt;b style=&quot;font-size: 1rem;&quot;&gt;Skin Problems&lt;/b&gt;&lt;/p&gt;&lt;p&gt;&lt;span style=&quot;font-size: 1rem;&quot;&gt;The condition of your cat&rsquo;s skin is an indication of her overall health. When a skin problem occurs, your cat may respond with excessive scratching, chewing and/or licking. A wide range of causes&mdash;from external parasites and allergies to seasonal changes and stress, or a combination of these&mdash;may be affecting your cat&rsquo;s skin and should be investigated. Skin problems are one of the most common reasons pet parents seek veterinary care.&lt;/span&gt;&lt;/p&gt;&lt;p&gt;&lt;span style=&quot;font-size: 1rem;&quot;&gt;&lt;br&gt;&lt;/span&gt;&lt;span style=&quot;font-size: 1rem;&quot;&gt;&lt;b&gt;Shedding&lt;/b&gt;&lt;/span&gt;&lt;/p&gt;&lt;p&gt;&lt;span style=&quot;font-size: 1rem;&quot;&gt;Shedding is a cat&rsquo;s natural process of losing dead hair. Indoor cats can shed all year-round. Regularly grooming your cat and vacuuming hair from your house should minimize the inconvenience of shedding. However, if you see bald patches in your cat&rsquo;s fur or notice a significant loss of hair, the underlying cause may be a health-related problem and should be investigated by a veterinarian.&lt;/span&gt;&lt;/p&gt;&lt;p&gt;&lt;span style=&quot;font-size: 18px;&quot;&gt;&lt;b&gt;Paw and Nail Care&lt;/b&gt;&lt;/span&gt;&lt;br&gt;&lt;/p&gt;&lt;p&gt;&lt;b&gt;Healthy Paws&lt;/b&gt;&lt;/p&gt;&lt;p&gt;&lt;span style=&quot;font-size: 1rem;&quot;&gt;Cats need healthy feet to scratch, climb and achieve their famed acrobatic landings. That&rsquo;s why it&rsquo;s important to regularly examine and clean your cat&rsquo;s paws and make sure they&rsquo;re wound-free.&lt;/span&gt;&lt;/p&gt;&lt;p&gt;&lt;span style=&quot;font-size: 1rem;&quot;&gt;&lt;b&gt;Dental Care&lt;/b&gt;&lt;/span&gt;&lt;/p&gt;&lt;p&gt;&lt;span style=&quot;font-size: 1rem;&quot;&gt;Your cat needs clean, sharp teeth and healthy gums. Damage to the tongue, teeth, palate and gums can lead to many health risks for felines, but these can be prevented with regular home check-ups and good old-fashioned brushings.&lt;/span&gt;&lt;/p&gt;&lt;p&gt;&lt;span style=&quot;font-size: 1rem;&quot;&gt;&lt;b&gt;Eye Care&lt;/b&gt;&lt;/span&gt;&lt;/p&gt;&lt;p&gt;&lt;span style=&quot;font-size: 1rem;&quot;&gt;A good home eye exam just before grooming can clue you into any tearing, crust, cloudiness or inflammation that may indicate a health problem. Here are few simple tips to keep your kitty&rsquo;s eyes bright and healthy.&lt;/span&gt;&lt;/p&gt;', 1, '2022-08-06 18:23:57'),
(5, 1, 3, 'Dog Nutrition Tips', '10 Feeding and Diet Tips for Dogs\r\n\r\nBest dog food\r\nBecause there are so many high-quality, nutritious dog foods available, pet parents now have the ability to select their dog’s food according to their personal standards. Many opt to feed their dogs dry food because it is the most convenient to store, it is less smelly than wet food, and it can reduce tartar buildup. Some owners feed their dogs nutritionally balanced wet foods or they use them as treats, to hide medication or to increase their dog’s water intake. No matter what you’re contemplating feeding Fido, there are a few things you need to know before making a final choice. Here are some tips for choosing the best dog food and feeding your best friend.\r\n\r\n1.Be sure to read and evaluate the ingredients.  This may be easier said than done, but dogfoodadvisor.com is a great place to start.\r\n \r\n2.Based on weight, measure out the correct portion, and be consistent! Supervise your dog while he eats to ensure that he is eating normally.\r\n\r\n\r\n3.Use the “nothing in life is free” rule – ask your dog to sit before feedings. This will fulfill his desire to “work” for his food, and reinforce good behavior.\r\n\r\n\r\n4.Make sure your dog doesn’t eat too fast or exercise too soon after eating. This can result in “bloat,” (technically known as gastric dilation-vovuslus or GVD). This is a very painful and potentially fatal condition. Deep-chested dogs are particularly prone to GVD, though any dog showing signs of bloat or discomfort after eating will likely need immediate attention. Consult your veterinarian or local emergency clinic.\r\n\r\n\r\n5.Be careful when using elevated feeders for your dog’s food and water.  Elevated feeders can increase the chances of bloat in certain breeds.  The latest scientific study recommends that elevated feeders should only be used for dogs that have health related issues where lowering their heads to eat is difficult or painful.\r\n\r\n\r\n6.Be sure to tailor your dog’s diet (ingredients, texture and feeding frequency) to his specific needs. For example, two-month-old puppies should be offered three meals of dry food a day because of their high metabolism and need for excess calories.\r\n\r\n7.Consult with your veterinarian to determine your dog’s healthy weight, and monitor his intake and exercise to achieve it.\r\n\r\n8.Some special conditions may occur that will require you to change your dog’s diet such as food allergies, medical conditions and life stage.  As always, consult your veterinarian.\r\n\r\n9.If you elect to change your dog’s diet, change his diet gradually.  That is, begin by mixing in a small amount of the new food with the old food.  Each day, increase the amount of new food and decrease the amount of old food in each serving.\r\n\r\n10.Avoid feeding your dog foods that are high in salt, sugar, and fats, as they can lead to diabetes, obesity and dental problems. They may also may make your dog a finicky eater.', 1, '2022-08-06 18:25:43'),
(6, 1, 3, 'Cat Nutrition Tips', '10 TIPS TO IMPROVE YOUR CAT’S DIET\r\n\r\nPaying attention to diet will ensure your furry felines live longer, healthier lives. Healthy nutrition acts as a preventative medicine, saving you lots of money you’d have to spend dealing with disease and complications. With the following ten tips, you can make changes that will make a big difference in improving your kitty\'s health.\r\n\r\n1. Choose Canned Food Over Kibble\r\n\r\nCats are strictly carnivorous, meaning that they must eat meat to stay healthy. Dry food does not meet their needs as wet food does. Kibble tends to be low in animal protein and water, and too high in carbohydrates. Over time, you’ll save money on vet bills if you invest in high-quality canned food.\r\n\r\n2. Choose Balanced Food\r\n\r\nMake sure you know how to read cat food labels. Look for a statement from the Association of American Feed Control Officials (AAFCO) stating that the food is complete and balanced, and meets cats’ nutritional requirements.\r\n\r\n3. Careful with Homemade Foods\r\n\r\nIf you decide to prepare food for your cat, you should talk to your vet about ensuring a balanced diet. Foods you buy are formulated to carry the nutrients essential for your kitty’s health, and the likelihood of homemade food meeting all your cat’s needs are slim. Your vet may suggest vitamins or supplements for a balanced diet.\r\n\r\n4. Pay Attention to Your Cat’s Specific Needs\r\n\r\nIf your feline friend has any health concerns, talk to your vet who may recommend specific types of foods or supplements needed. You want to make sure you manage your kitty’s condition and keep it healthy.\r\n\r\n5. Avoid Foods Toxic to Cats\r\n\r\nYou may want to give your furry friend some treats off your plate without realizing that some of these foods are toxic to cats. Make sure to avoid feeding your cat chocolate, caffeine, dairy products, grapes, raisins, onions, garlic, chives, and yeast dough. The Pet Poison Helpline has a complete list of foods toxic to cats.\r\n\r\n6. The Amount and Frequency of Feeding\r\n\r\nCats are carnivores, and in the wild, need to hunt several times a day to stay healthy. It’s important to mimic their natural habits by feeding them small, frequent meals. The amount you feed your cat will depend on age, size, and activity level. Consult with your veterinarian to determine your cat’s needs. Don’t leave food sitting out all day to avoid overeating and obesity.\r\n\r\n7. Keep Your Cat at an Ideal Weight\r\n\r\nObesity can hurt your cat in many ways, including increasing the risk of cancer, diabetes, heart disease, high blood pressure, joint disease, and more. Talk to your vet about the best way to keep your cat at a healthy weight.\r\n\r\n8. Transition to New Foods Gradually\r\n\r\nMake sure to transition to new cat food gradually. Any sudden diet changes may cause stomach upset and diarrhea. Talk to your veterinarian about safely transitioning to your kitty’s new menu.\r\n\r\n9. Keep Your Cat Hydrated\r\n\r\nCats typically get most of their hydration from animals they hunt, so they are not inclined to drink enough water on their own. A water fountain may encourage your cat to drink more because cats prefer moving water. Canned food also provides some hydration to your kitty.\r\n\r\n10. Find a Feline Specialist Veterinarian\r\n\r\nTry to find a veterinarian that specializes in cats to help your furry friend maintain optimal health. You can count on us at All About Cats Veterinary Hospital to provide the best possible care for your felines. We are more prepared to help you in every way possible when it comes to your cat because that’s what we are all about!', 1, '2022-08-06 18:26:40'),
(7, 2, 4, 'About Dog Diseases', '&lt;p&gt;&lt;b&gt;1. Canine distemper&lt;/b&gt;&lt;/p&gt;&lt;p&gt;Symptoms: runny eyes, fever, coughing, vomiting, paralysis&lt;/p&gt;&lt;p&gt;&lt;span style=&quot;font-size: 1rem;&quot;&gt;Canine distemper, sometimes called hardpad disease because it hardens dogs&rsquo; noses and footpads, is an extremely contagious viral disease that&rsquo;s transmitted through airborne exposure or contact like shared food bowls. While all dogs are at risk of contracting canine distemper, it predominantly affects puppies and dogs that are especially prone to airborne viruses.&lt;/span&gt;&lt;br&gt;&lt;/p&gt;&lt;p&gt;&lt;span style=&quot;font-size: 1rem;&quot;&gt;If you think your dog has distemper, take her to the vet. Although vets try their best to treat dogs with distemper by providing supportive care and preventing secondary infection by making sure they have plenty of rest and fluids, it&rsquo;s often fatal. The best way to prevent your dog from getting it is by vaccinating her and keeping her from sick pups.&lt;/span&gt;&lt;br&gt;&lt;/p&gt;&lt;p&gt;&lt;span style=&quot;font-size: 1rem;&quot;&gt;&lt;b&gt;2. Canine parvovirus (parvo)&lt;/b&gt;&lt;/span&gt;&lt;br&gt;&lt;/p&gt;&lt;p&gt;Symptoms: fever, lethargy, vomiting, diarrhea, dehydration, weight loss&lt;/p&gt;&lt;p&gt;&lt;span style=&quot;font-size: 1rem;&quot;&gt;Parvo is another highly contagious virus that infects dogs that come in contact with the fecal matter of a sick dog. And, sadly, parvo&rsquo;s easy to spread but hard to kill, once it attacks a dog&rsquo;s internal organs.&lt;/span&gt;&lt;br&gt;&lt;/p&gt;&lt;p&gt;&lt;span style=&quot;font-size: 1rem;&quot;&gt;Vets treat dogs with parvo by providing plenty of fluids, electrolytes and secondary infection prevention, but it&rsquo;s often fatal. The best way to keep your dog safe is by getting him vaccinated and keeping him away from all feces, especially infected feces.&lt;/span&gt;&lt;br&gt;&lt;/p&gt;&lt;p&gt;&lt;span style=&quot;font-size: 1rem;&quot;&gt;&lt;b&gt;3. Heartworm&lt;/b&gt;&lt;/span&gt;&lt;br&gt;&lt;/p&gt;&lt;p&gt;Symptoms: lethargy, coughing, respiratory problems, heart disease, weight loss&lt;/p&gt;&lt;p&gt;&lt;span style=&quot;font-size: 1rem;&quot;&gt;Heartworms are parasites that live in your dog&rsquo;s heart, wreaking havoc on his heart, blood vessels and lungs if he gets infected. Heartworm is spread by mosquitos and has been reported in all fifty states, not just places with dry climates. Buying preventative medication (like heartworm or flea and tick) is comparable to buying insurance &mdash; while you may not want to spend money on it now, it&rsquo;s better than not being able to afford a crisis later. Here are some more money-saving hacks for pet owners.&lt;/span&gt;&lt;br&gt;&lt;/p&gt;&lt;p&gt;&lt;span style=&quot;font-size: 1rem;&quot;&gt;If your dog has heartworm, expect a rigorous regimen of steroids, antibiotics, and an organic arsenic injection. The easiest (and cheapest) way to prevent her from contracting it is by taking preventative measures with annual blood tests and regular pills, topicals or shots. You can find a variety of heartworm medications through sites like Chewy.com.&lt;/span&gt;&lt;br&gt;&lt;/p&gt;&lt;p&gt;&lt;b style=&quot;font-size: 1rem;&quot;&gt;4. Rabies&lt;/b&gt;&lt;br&gt;&lt;/p&gt;&lt;p&gt;Symptoms: fever, pain, tingling or burning at the wound, hyperactivity&lt;/p&gt;&lt;p&gt;&lt;span style=&quot;font-size: 1rem;&quot;&gt;It&rsquo;s the disease that took Old Yeller. Rabies caused by the rabies virus, spread by a bite or saliva from an infected animal, and fatal once an animal gets it and starts showing symptoms. Due to its severity and that it&rsquo;s easily spread to humans, many cities, states, parks and groomers require dogs to have the vaccine.&lt;/span&gt;&lt;br&gt;&lt;/p&gt;&lt;p&gt;&lt;span style=&quot;font-size: 1rem;&quot;&gt;There is no treatment for dogs once they contract rabies, and it is fatal. The best way to prevent it is getting her vaccinated and keeping her from rabid wildlife.&lt;/span&gt;&lt;/p&gt;&lt;p&gt;&lt;span style=&quot;font-size: 1rem;&quot;&gt;&lt;b&gt;5. Lyme disease&lt;/b&gt;&lt;/span&gt;&lt;br&gt;&lt;/p&gt;&lt;p&gt;Symptoms: pain, loss of appetite, fever, limping.&lt;/p&gt;&lt;p&gt;&lt;span style=&quot;font-size: 1rem;&quot;&gt;This disease is caused by a bacterium that comes from tick bites (most commonly deer ticks) and once it&rsquo;s in the blood stream, it spreads to the joints and causes pain for your pup. And if left untreated, lyme disease can be fatal.Lyme disease can be treated with antibiotics and prevented by getting him vaccinated and checking his body for ticks after outdoor exposure.&lt;/span&gt;&lt;/p&gt;', 1, '2022-08-06 18:28:55'),
(8, 2, 5, 'About Cat Diseases', '&lt;p&gt;&lt;b&gt;Parasites:&lt;/b&gt;&lt;/p&gt;&lt;p&gt;The good news about parasites is that most are easily preventable. The bad news is that they can be serious, contagious to humans and other pets, and have serious health and even fatal consequences, especially for kittens.&lt;/p&gt;&lt;p&gt;&lt;span style=&quot;font-size: 1rem;&quot;&gt;1. Intestinal (GI) worms and protozoa can cause weight loss, a pronounced pot-bellied appearance, vomiting, diarrhea, dehydration and may or may not affect a kitten&rsquo;s appetite. They are often diagnosed via fecal floatation and require specific treatment for the specific type of parasite. Sometimes, worms are evident in the kitten&rsquo;s stool, but oftentimes, your vet must look for eggs or protozoa under the microscope.&lt;/span&gt;&lt;br&gt;&lt;/p&gt;&lt;p&gt;&lt;span style=&quot;font-size: 1rem;&quot;&gt;For more information on individual worms that are common in cats and kittens, check out our article, How to Treat and Prevent Intestinal Parasites in Cats.&lt;/span&gt;&lt;br&gt;&lt;/p&gt;&lt;p&gt;&lt;span style=&quot;font-size: 1rem;&quot;&gt;2. Fleas and ear mites are more readily apparent as they are considered external parasites. Washing your cat with a mild shampoo like Dawn dish soap diluted in water and using a flea comb can help remove fleas from the coat. Frequent vacuuming and laundering of bedding helps to remove the eggs from the environment.&lt;/span&gt;&lt;br&gt;&lt;/p&gt;&lt;p&gt;&lt;span style=&quot;font-size: 1rem;&quot;&gt;Ear mites, which can appear as black debris and itchy ears, require an ear swab to be accurately diagnosed and treated by your vet. It&rsquo;s important that you not put anything into your cat&rsquo;s ears unless directed by your vet.&lt;/span&gt;&lt;br&gt;&lt;/p&gt;&lt;p&gt;&lt;span style=&quot;font-size: 1rem;&quot;&gt;Depending on your kitten&rsquo;s age, they may be able to start a heartworm/flea prevention. Remember, though, these require repeated use every month to fully eradicate fleas and other parasites and keep your cat healthy. Yes, indoor cats should be on prevention too.&lt;/span&gt;&lt;br&gt;&lt;/p&gt;&lt;p&gt;&lt;span style=&quot;font-size: 1rem;&quot;&gt;&lt;b&gt;Ringworm:&lt;/b&gt;&lt;/span&gt;&lt;br&gt;&lt;/p&gt;&lt;p&gt;Ringworm is a fungal infection that is contagious to humans and other animals. It can occur at any age but seems to be more common in kittens. It can appear as hair loss and scaly, itchy skin especially on the ears, but location and itchiness can vary. Your vet may want to run a fungal culture, skin scrape, or use a black light to identify and diagnose it properly. Anti-fungals are required for the treatment of ringworm.&lt;/p&gt;&lt;p&gt;&lt;span style=&quot;font-size: 1rem;&quot;&gt;&lt;b&gt;Diabetes in Cats:&lt;/b&gt;&lt;/span&gt;&lt;br&gt;&lt;/p&gt;&lt;p&gt;Diabetes mellitus is a disease that can often be prevented through weight management. We know that obese cats are at greater risk of developing diabetes.&lt;/p&gt;&lt;p&gt;&lt;span style=&quot;font-size: 1rem;&quot;&gt;Diabetes is a disease that either affects insulin production or response. This causes the blood sugar to stay in the blood rather than going to the brain, muscles, and other tissues that need the sugar for energy. Diabetic cats often have a voracious appetite but lose weight, drink and urinate more, and often have vomiting and diarrhea.&lt;/span&gt;&lt;br&gt;&lt;/p&gt;&lt;p&gt;&lt;span style=&quot;font-size: 1rem;&quot;&gt;Diabetes is diagnosed through blood work, including a blood glucose curve and fructosamine tests. Management is via diet, weight management, and insulin injections. This disease can increase the frequency of urinary tract infections as excess sugar in the blood tends to spill over into the urine. Sugar in the urine creates a food source for bacteria to thrive. Your vet may recommend routine urine tests (urinalysis) to monitor for infection&lt;/span&gt;&lt;br&gt;&lt;/p&gt;&lt;p&gt;&lt;span style=&quot;font-size: 1rem;&quot;&gt;&lt;b&gt;Dental Disease in Cats:&lt;/b&gt;&lt;/span&gt;&lt;br&gt;&lt;/p&gt;&lt;p&gt;Cat Dental Health&lt;/p&gt;&lt;p&gt;Dental disease is something that can be more difficult for cat owners to monitor, especially if your cat doesn&rsquo;t like having his face or mouth touched. Beginning to brush a cat&rsquo;s teeth when they are young can help slow the progression of dental disease. Signs of dental disease include bad breath, decreased interest in food, rubbing the face, squinting, or facial swelling on one side of the face. The best way to maintain good oral hygiene is to brush your cat&rsquo;s teeth and keep up to date with routine dental cleanings, which your vet does under general anesthesia.&lt;/p&gt;&lt;p&gt;&lt;span style=&quot;font-size: 1rem;&quot;&gt;&lt;b&gt;Chronic Kidney Disease:&lt;/b&gt;&lt;/span&gt;&lt;br&gt;&lt;/p&gt;&lt;p&gt;Chronic kidney disease (CKD) unfortunately, tends to be more common in cats as they age. The kidneys flush out toxins and help with red blood cell production and regulation of our electrolytes. As the kidneys lose their ability to function, symptoms include increased thirst and urination, vomiting, diarrhea, decreased appetite, weight loss, and in later stages can cause neurological problems and ulcers in the mouth and intestinal tract.&lt;/p&gt;&lt;p&gt;&lt;span style=&quot;font-size: 1rem;&quot;&gt;Your veterinarian will need to run blood work, a urinalysis, and possibly x-rays or an ultrasound to properly identify kidney disease. There is a test called the SDMA test which is more sensitive and can detect the early stages of the disease. Catching kidney dysfunction early is important in helping your cat live a longer, healthier life. Kidney disease cannot be cured but it can be managed with the proper diet and supportive care such as fluids.&lt;/span&gt;&lt;br&gt;&lt;/p&gt;&lt;p&gt;&lt;b style=&quot;font-size: 1rem;&quot;&gt;Hyperthyroidism in Cats:&lt;/b&gt;&lt;br&gt;&lt;/p&gt;&lt;p&gt;Hyperthyroidism is an endocrine disease that can also cause vomiting, diarrhea, increased thirst, urination, and activity along with weight loss despite an increased appetite. The thyroid is sometimes called the master gland as it regulates metabolism. An overactive or &ldquo;hyper&rdquo; thyroid can also affect heart rate and blood pressure which can, in turn, affect the kidneys, heart, and eyes.&lt;/p&gt;&lt;p&gt;&lt;span style=&quot;font-size: 1rem;&quot;&gt;It is important to see your vet if you see any of the symptoms above, as hyperthyroidism can be managed with medications that suppress thyroid function, diet, irradiation of the thyroid, surgery, and blood pressure medications. Hyperthyroidism is diagnosed with blood work, including a thyroid test and blood pressure check. Left untreated, hyperthyroidism can cause damage to the heart, blindness, and lead to kidney failure.&lt;/span&gt;&lt;br&gt;&lt;/p&gt;', 1, '2022-08-06 18:30:15'),
(9, 2, 4, 'Contact Vet', '&lt;p&gt;1&lt;span style=&quot;white-space:pre&quot;&gt;	&lt;/span&gt;Dr. Mohammad Mamunur Rashid&lt;span style=&quot;white-space:pre&quot;&gt;	&lt;/span&gt;Central Veterinary Hospital&lt;span style=&quot;white-space:pre&quot;&gt;	&lt;/span&gt;01725808534&lt;span style=&quot;white-space:pre&quot;&gt;	&lt;/span&gt;https://goo.gl/maps/zmCpCY2wtkSZifVY7&lt;/p&gt;&lt;p&gt;&lt;br&gt;&lt;/p&gt;&lt;p&gt;&lt;br&gt;&lt;/p&gt;&lt;p&gt;2&lt;span style=&quot;white-space:pre&quot;&gt;	&lt;/span&gt;Dr. Arifur Rabbi&lt;span style=&quot;white-space:pre&quot;&gt;	&lt;/span&gt;Ta 173/2 Lake view road, Godara ghat to Hatirjheel Road, Dhaka 1212&lt;span style=&quot;white-space:pre&quot;&gt;	&lt;/span&gt;01785636036&lt;span style=&quot;white-space:pre&quot;&gt;	&lt;/span&gt;https://g.page/the-pet-vet-bd?share&lt;/p&gt;&lt;p&gt;&lt;br&gt;&lt;/p&gt;&lt;p&gt;&lt;br&gt;&lt;/p&gt;&lt;p&gt;3&lt;span style=&quot;white-space:pre&quot;&gt;	&lt;/span&gt;Dr. Sagir Uddin Ahmed&lt;span style=&quot;white-space:pre&quot;&gt;	&lt;/span&gt;Dhanmondi Chamber/Clinic: House 3/2, Block D, Lalmatia Dhaka 1207, Bangladesh Gulshan Chamber/Clinic: House # 21, Road # 6, Block # D, Niketon, Gulshan 1, Dhaka&lt;span style=&quot;white-space:pre&quot;&gt;	&lt;/span&gt;01912251312, 01752987436, 01706214759&lt;span style=&quot;white-space:pre&quot;&gt;	&lt;/span&gt;https://g.page/VetDr-Sagir?share&lt;/p&gt;&lt;p&gt;&lt;br&gt;&lt;/p&gt;&lt;p&gt;&lt;br&gt;&lt;/p&gt;&lt;p&gt;4&lt;span style=&quot;white-space:pre&quot;&gt;	&lt;/span&gt;Dr. Md. Mahbubul Alam Bhuiyan&lt;span style=&quot;white-space:pre&quot;&gt;	&lt;/span&gt;Central Veterinary Hospital,Chamber Address: 67/2, North Bashaboo, Khilgaon, Dhaka.&lt;span style=&quot;white-space:pre&quot;&gt;	&lt;/span&gt;01711146012&lt;span style=&quot;white-space:pre&quot;&gt;	&lt;/span&gt;https://goo.gl/maps/zmCpCY2wtkSZifVY7&lt;/p&gt;&lt;p&gt;&lt;br&gt;&lt;/p&gt;&lt;p&gt;&lt;br&gt;&lt;/p&gt;&lt;p&gt;5&lt;span style=&quot;white-space:pre&quot;&gt;	&lt;/span&gt;Dr. Siamak Shamsi Bahar&lt;span style=&quot;white-space:pre&quot;&gt;	&lt;/span&gt;H-56, R-9/B, Sector: 5, Uttara.&lt;span style=&quot;white-space:pre&quot;&gt;	&lt;/span&gt;01711561155&lt;span style=&quot;white-space:pre&quot;&gt;	&lt;/span&gt;N/A&lt;/p&gt;&lt;p&gt;&lt;br&gt;&lt;/p&gt;&lt;p&gt;&lt;br&gt;&lt;/p&gt;&lt;p&gt;6&lt;span style=&quot;white-space:pre&quot;&gt;	&lt;/span&gt;Dr. Md. Luthfor Rahman&lt;span style=&quot;white-space:pre&quot;&gt;	&lt;/span&gt;Nikunja-2, Khilkhet, Dhaka.&lt;span style=&quot;white-space:pre&quot;&gt;	&lt;/span&gt;01552457085, 01731492093&lt;span style=&quot;white-space:pre&quot;&gt;	&lt;/span&gt;N/A&lt;/p&gt;&lt;p&gt;&lt;br&gt;&lt;/p&gt;&lt;p&gt;&lt;br&gt;&lt;/p&gt;&lt;p&gt;7&lt;span style=&quot;white-space:pre&quot;&gt;	&lt;/span&gt;Dr. Azmat Ali&lt;span style=&quot;white-space:pre&quot;&gt;	&lt;/span&gt;Gulshan Pet-Animal Clinic (A-Z Pet Animal Solution in Dhaka) 4-5 DCC Super Market, Gulshan-2, Dhaka-1212&lt;span style=&quot;white-space:pre&quot;&gt;	&lt;/span&gt;01912013615, 01715078434&lt;span style=&quot;white-space:pre&quot;&gt;	&lt;/span&gt;https://goo.gl/maps/ZE51c1YH5Vyx9bgA6&lt;/p&gt;&lt;p&gt;&lt;br&gt;&lt;/p&gt;&lt;p&gt;&lt;br&gt;&lt;/p&gt;&lt;p&gt;8&lt;span style=&quot;white-space:pre&quot;&gt;	&lt;/span&gt;Dr. Kazi Mujibur Rahman&lt;span style=&quot;white-space:pre&quot;&gt;	&lt;/span&gt;Chief vet, Central Veterinary Hospital, Dhaka&lt;span style=&quot;white-space:pre&quot;&gt;	&lt;/span&gt;01715016218&lt;span style=&quot;white-space:pre&quot;&gt;	&lt;/span&gt;https://goo.gl/maps/Nwtv5TsGGY81dKRa9&lt;/p&gt;&lt;p&gt;&lt;br&gt;&lt;/p&gt;&lt;p&gt;&lt;br&gt;&lt;/p&gt;&lt;p&gt;9&lt;span style=&quot;white-space:pre&quot;&gt;	&lt;/span&gt;Dr. Mohammad Shariful Haque&lt;span style=&quot;white-space:pre&quot;&gt;	&lt;/span&gt;ElephantRoad.&lt;span style=&quot;white-space:pre&quot;&gt;	&lt;/span&gt;0173046585&lt;span style=&quot;white-space:pre&quot;&gt;	&lt;/span&gt;N/A&lt;/p&gt;&lt;p&gt;&lt;br&gt;&lt;/p&gt;&lt;p&gt;&lt;br&gt;&lt;/p&gt;&lt;p&gt;10&lt;span style=&quot;white-space:pre&quot;&gt;	&lt;/span&gt;Dr. Lf. Col Shahjada&lt;span style=&quot;white-space:pre&quot;&gt;	&lt;/span&gt;Bangladesh Army (vet)&lt;span style=&quot;white-space:pre&quot;&gt;	&lt;/span&gt;01711123288&lt;/p&gt;', 1, '2022-08-06 18:32:17'),
(10, 2, 5, 'Contact Vet', '&lt;p&gt;1&lt;span style=&quot;white-space:pre&quot;&gt;	&lt;/span&gt;Dr. Mohammad Mamunur Rashid&lt;span style=&quot;white-space:pre&quot;&gt;	&lt;/span&gt;Central Veterinary Hospital&lt;span style=&quot;white-space:pre&quot;&gt;	&lt;/span&gt;01725808534&lt;span style=&quot;white-space:pre&quot;&gt;	&lt;/span&gt;https://goo.gl/maps/zmCpCY2wtkSZifVY7&lt;/p&gt;&lt;p&gt;&lt;br&gt;&lt;/p&gt;&lt;p&gt;&lt;br&gt;&lt;/p&gt;&lt;p&gt;2&lt;span style=&quot;white-space:pre&quot;&gt;	&lt;/span&gt;Dr. Arifur Rabbi&lt;span style=&quot;white-space:pre&quot;&gt;	&lt;/span&gt;Ta 173/2 Lake view road, Godara ghat to Hatirjheel Road, Dhaka 1212&lt;span style=&quot;white-space:pre&quot;&gt;	&lt;/span&gt;01785636036&lt;span style=&quot;white-space:pre&quot;&gt;	&lt;/span&gt;https://g.page/the-pet-vet-bd?share&lt;/p&gt;&lt;p&gt;&lt;br&gt;&lt;/p&gt;&lt;p&gt;&lt;br&gt;&lt;/p&gt;&lt;p&gt;3&lt;span style=&quot;white-space:pre&quot;&gt;	&lt;/span&gt;Dr. Sagir Uddin Ahmed&lt;span style=&quot;white-space:pre&quot;&gt;	&lt;/span&gt;Dhanmondi Chamber/Clinic: House 3/2, Block D, Lalmatia Dhaka 1207, Bangladesh Gulshan Chamber/Clinic: House # 21, Road # 6, Block # D, Niketon, Gulshan 1, Dhaka&lt;span style=&quot;white-space:pre&quot;&gt;	&lt;/span&gt;01912251312, 01752987436, 01706214759&lt;span style=&quot;white-space:pre&quot;&gt;	&lt;/span&gt;https://g.page/VetDr-Sagir?share&lt;/p&gt;&lt;p&gt;&lt;br&gt;&lt;/p&gt;&lt;p&gt;&lt;br&gt;&lt;/p&gt;&lt;p&gt;4&lt;span style=&quot;white-space:pre&quot;&gt;	&lt;/span&gt;Dr. Md. Mahbubul Alam Bhuiyan&lt;span style=&quot;white-space:pre&quot;&gt;	&lt;/span&gt;Central Veterinary Hospital,Chamber Address: 67/2, North Bashaboo, Khilgaon, Dhaka.&lt;span style=&quot;white-space:pre&quot;&gt;	&lt;/span&gt;01711146012&lt;span style=&quot;white-space:pre&quot;&gt;	&lt;/span&gt;https://goo.gl/maps/zmCpCY2wtkSZifVY7&lt;/p&gt;&lt;p&gt;&lt;br&gt;&lt;/p&gt;&lt;p&gt;&lt;br&gt;&lt;/p&gt;&lt;p&gt;5&lt;span style=&quot;white-space:pre&quot;&gt;	&lt;/span&gt;Dr. Siamak Shamsi Bahar&lt;span style=&quot;white-space:pre&quot;&gt;	&lt;/span&gt;H-56, R-9/B, Sector: 5, Uttara.&lt;span style=&quot;white-space:pre&quot;&gt;	&lt;/span&gt;01711561155&lt;span style=&quot;white-space:pre&quot;&gt;	&lt;/span&gt;N/A&lt;/p&gt;&lt;p&gt;&lt;br&gt;&lt;/p&gt;&lt;p&gt;&lt;br&gt;&lt;/p&gt;&lt;p&gt;6&lt;span style=&quot;white-space:pre&quot;&gt;	&lt;/span&gt;Dr. Md. Luthfor Rahman&lt;span style=&quot;white-space:pre&quot;&gt;	&lt;/span&gt;Nikunja-2, Khilkhet, Dhaka.&lt;span style=&quot;white-space:pre&quot;&gt;	&lt;/span&gt;01552457085, 01731492093&lt;span style=&quot;white-space:pre&quot;&gt;	&lt;/span&gt;N/A&lt;/p&gt;&lt;p&gt;&lt;br&gt;&lt;/p&gt;&lt;p&gt;&lt;br&gt;&lt;/p&gt;&lt;p&gt;7&lt;span style=&quot;white-space:pre&quot;&gt;	&lt;/span&gt;Dr. Azmat Ali&lt;span style=&quot;white-space:pre&quot;&gt;	&lt;/span&gt;Gulshan Pet-Animal Clinic (A-Z Pet Animal Solution in Dhaka) 4-5 DCC Super Market, Gulshan-2, Dhaka-1212&lt;span style=&quot;white-space:pre&quot;&gt;	&lt;/span&gt;01912013615, 01715078434&lt;span style=&quot;white-space:pre&quot;&gt;	&lt;/span&gt;https://goo.gl/maps/ZE51c1YH5Vyx9bgA6&lt;/p&gt;&lt;p&gt;&lt;br&gt;&lt;/p&gt;&lt;p&gt;&lt;br&gt;&lt;/p&gt;&lt;p&gt;8&lt;span style=&quot;white-space:pre&quot;&gt;	&lt;/span&gt;Dr. Kazi Mujibur Rahman&lt;span style=&quot;white-space:pre&quot;&gt;	&lt;/span&gt;Chief vet, Central Veterinary Hospital, Dhaka&lt;span style=&quot;white-space:pre&quot;&gt;	&lt;/span&gt;01715016218&lt;span style=&quot;white-space:pre&quot;&gt;	&lt;/span&gt;https://goo.gl/maps/Nwtv5TsGGY81dKRa9&lt;/p&gt;&lt;p&gt;&lt;br&gt;&lt;/p&gt;&lt;p&gt;&lt;br&gt;&lt;/p&gt;&lt;p&gt;9&lt;span style=&quot;white-space:pre&quot;&gt;	&lt;/span&gt;Dr. Mohammad Shariful Haque&lt;span style=&quot;white-space:pre&quot;&gt;	&lt;/span&gt;ElephantRoad.&lt;span style=&quot;white-space:pre&quot;&gt;	&lt;/span&gt;0173046585&lt;span style=&quot;white-space:pre&quot;&gt;	&lt;/span&gt;N/A&lt;/p&gt;&lt;p&gt;&lt;br&gt;&lt;/p&gt;&lt;p&gt;&lt;br&gt;&lt;/p&gt;&lt;p&gt;10&lt;span style=&quot;white-space:pre&quot;&gt;	&lt;/span&gt;Dr. Lf. Col Shahjada&lt;span style=&quot;white-space:pre&quot;&gt;	&lt;/span&gt;Bangladesh Army (vet)&lt;span style=&quot;white-space:pre&quot;&gt;	&lt;/span&gt;01711123288&lt;/p&gt;', 1, '2022-08-06 18:33:47'),
(11, 1, 1, 'How to tame cats', '&lt;p&gt;&lt;b&gt;Taming tips for your beloved cats:&lt;/b&gt;&lt;/p&gt;&lt;p&gt;&lt;b&gt;1.Observing the Cat&#039;s Nature&lt;/b&gt;&lt;/p&gt;&lt;p&gt;Get to know the cat&#039;s personality. Observe the cat for a few days. This way, you can determine its nature, especially when humans come close. Is the cat afraid or scared of people? Is it angry?&lt;/p&gt;&lt;p&gt;&lt;span style=&quot;font-size: 1rem;&quot;&gt;If you think they may be dangerous you shouldn&#039;t try handling them. Instead, call animal control or a human society who will be able to professionally capture and handle the cat if you think they pose a danger.&lt;/span&gt;&lt;/p&gt;&lt;p&gt;&lt;span style=&quot;font-size: 1rem;&quot;&gt;&lt;b&gt;2.Observe the cat&#039;s body language for cues:&lt;/b&gt;&lt;/span&gt;&lt;/p&gt;&lt;p&gt;&lt;span style=&quot;font-size: 1rem;&quot;&gt; Cats communicate their feelings with body language that can be rather obvious. For example:&lt;/span&gt;&lt;br&gt;&lt;/p&gt;&lt;p&gt;An angry or upset cat will have ears that are flattened back, dilated pupils, a tail which is switching back and forth, an arched back, and fur standing on end. The cat will typically be growling. This is a sign to back off.&lt;/p&gt;&lt;p&gt;&lt;span style=&quot;font-size: 1rem;&quot;&gt;If it hasn&#039;t run away, a scared cat will typically lay flat or have its tail between its legs. Proceed with caution in trying to tame these cats.&lt;/span&gt;&lt;/p&gt;&lt;p&gt;In contrast, a contented and relaxed cat&#039;s ears will be forward and alert, and its tail will be straight up in the air. Its fur will be flat (not standing on end), and the cat may even stretch, lay down, and roll onto its back.&lt;/p&gt;&lt;p&gt;&lt;b style=&quot;font-size: 1rem;&quot;&gt;3.Observe the cat&#039;s general health:&lt;/b&gt;&lt;br&gt;&lt;/p&gt;&lt;p&gt;While you will not be close to the cat, you will be able to observe its overall health from afar.Check to see if it looks skinny or bony. It may be hungry. Look at its fur to see if it looks healthy, or if it looks matted, patchy, bald, or otherwise unhealthy. See if the cat has any other obvious issues, such as limping, cuts, sores, or other problems.&amp;nbsp;&lt;/p&gt;&lt;p&gt;&lt;span style=&quot;font-size: 1rem;&quot;&gt;&lt;b&gt;4.Stay away from cats with suspected rabies&lt;/b&gt;:&lt;/span&gt;&lt;/p&gt;&lt;p&gt;&lt;span style=&quot;font-size: 1rem;&quot;&gt;Feral cats and kittens are generally unvaccinated and carry a slight risk for carrying the deadly rabies virus. While very uncommon, rabies in cats can occur primarily in outdoor, unvaccinated cats and kittens. The symptoms of rabies can vary and may take months to develop after a cat or kitten was exposed to the virus.&lt;/span&gt;&lt;br&gt;&lt;/p&gt;&lt;p&gt;Classic signs of rabies in cats and kittens include an ill cat (lethargic, not eating, weakness) and/or changes in behavior (aggressive, restless, disoriented, paralysis, seizures).&lt;span style=&quot;font-size: 1rem;&quot;&gt;If you encounter a feral cat with these symptoms, call animal control and do not attempt to handle the cat or kitten.&lt;/span&gt;&lt;/p&gt;&lt;p&gt;&lt;span style=&quot;font-size: 1rem;&quot;&gt;&lt;br&gt;&lt;/span&gt;&lt;span style=&quot;font-size: 1rem;&quot;&gt;&lt;b&gt;5.Try to tame the kitten between ages four and eight weeks old:&lt;/b&gt;&lt;/span&gt;&lt;/p&gt;&lt;p&gt;&lt;span style=&quot;font-size: 1rem;&quot;&gt; When a kitten is in the weaning stage, it will respond better to taming. It is gaining independence from its mother during this stage. Once a kitten is socialized, it will be suitable for adoption.&lt;/span&gt;&lt;/p&gt;&lt;p&gt;&lt;span style=&quot;font-size: 1rem;&quot;&gt;&lt;b&gt;6.Give the kitten a place to feel secure:&lt;/b&gt;&lt;/span&gt;&lt;/p&gt;&lt;p&gt;&lt;span style=&quot;font-size: 1rem;&quot;&gt; When you&#039;re not actively working on socializing it, make sure the kitten has a small, quiet room where it can retreat and relax. This might be a bathroom or a spare bedroom.&lt;/span&gt;&lt;br&gt;&lt;/p&gt;&lt;p&gt;Leave a nightlight on overnight so that the room is never totally dark.&lt;/p&gt;&lt;div&gt;&lt;br&gt;&lt;/div&gt;', 1, '2022-08-08 09:32:11');
INSERT INTO `care_and_disease` (`id`, `category_id`, `sub_category_id`, `care_and_disease_name`, `description`, `status`, `date_created`) VALUES
(12, 1, 1, 'How to tame Birds', '&lt;p&gt;Pet birds make great companions. They are full of personality and offer loyal friendship if raised and cared for properly. Some birds are easy to connect with right off the bat, while others may take some time to warm up. You have a new pet bird and you want to form a bond with this new animal. Use these tips and tricks to start forming a bond with your pet bird for a friendship that will last.&amp;nbsp;&lt;/p&gt;&lt;p&gt;&lt;span style=&quot;font-size: 1rem;&quot;&gt;&lt;b&gt;Keep your Voice Low and Inviting:&lt;/b&gt;&lt;/span&gt;&lt;br&gt;&lt;/p&gt;&lt;p&gt;Soft speech is important when meeting your new pet bird. This will help keep the bird calm and relaxed. Loud noises could scare your bird and cause them to retreat from you. If your voice is calm and inviting, your bird will likely listen intently with curiosity as you speak to it.&lt;/p&gt;&lt;p&gt;&lt;span style=&quot;font-size: 1rem;&quot;&gt;&lt;b&gt;Take it Slow:&lt;/b&gt;&lt;/span&gt;&lt;br&gt;&lt;/p&gt;&lt;p&gt;Sudden motions can also startle your bird. Make slower movements and create a calm environment to make your bird feel safe. Starting off with a scare can make it harder to connect with your bird if they feel threatened, scared, or irritated.&lt;/p&gt;&lt;p&gt;&lt;span style=&quot;font-size: 1rem;&quot;&gt;&lt;b&gt;Offer Their Favorite Treat:&lt;/b&gt;&lt;/span&gt;&lt;br&gt;&lt;/p&gt;&lt;p&gt;Food usually does the trick. Offer your bird their favorite treat, like fruit, a vegetable, or breed-specific treats like Kaytee Superfood Treat Sticks. Birds love tasty treats, and if you&rsquo;re the one who gives them the treat, they will see you as a friend. It never hurts to bribe your new feathered friend a bit to help them understand that you&rsquo;re friendly! Please note, it&rsquo;s important to keep a healthy diet for your bird. Don&rsquo;t feed too many treats to any pet.&lt;/p&gt;&lt;p&gt;&lt;span style=&quot;font-size: 1rem;&quot;&gt;&lt;b&gt;Offer Them Comfort:&lt;/b&gt;&lt;/span&gt;&lt;br&gt;&lt;/p&gt;&lt;p&gt;When bonding with your bird, it is important to take them out of their habitat. This out-of-habitat time is enriching and provides stimuli they need to be happy and healthy. While they are out of their cage exploring, try to take them into another room away from their habitat, so if they have the desire to take refuge in their safe home, they will likely retreat to you instead of their habitat. They see their home/cage as a safe space, but it&rsquo;s important that you bring them comfort as well. This positions you as safe space, creating a connection with your pet.&lt;/p&gt;&lt;p&gt;&lt;span style=&quot;font-size: 1rem;&quot;&gt;&lt;b&gt;Socialize with Your Bird:&lt;/b&gt;&lt;/span&gt;&lt;br&gt;&lt;/p&gt;&lt;p&gt;Birds are smart animals. They remember interactions with humans, and if you adopted a rescue animal, they might have had a negative experience with past owners. Help them warm up to you by slowly socializing your bird. If they seem nervous when you come to their cage, take a few minutes a day to sit by their habitat, talk to them, or simply spend time with them. They can pick up on energy and words that you and your family say. Gradually spend more and more time by your birds until they are comfortable in your presence. Before you know it, you&rsquo;ll likely be able to hang out with your feathered friend for long periods of time.&lt;/p&gt;&lt;p&gt;&lt;span style=&quot;font-size: 18px;&quot;&gt;&lt;b&gt;Bonding with Pet Birds&lt;/b&gt;&lt;/span&gt;&lt;br&gt;&lt;/p&gt;&lt;p&gt;&lt;span style=&quot;font-size: 1rem;&quot;&gt;&lt;b&gt;Play with Your bird :&lt;/b&gt;&lt;/span&gt;&lt;br&gt;&lt;/p&gt;&lt;p&gt;Offer them enriching activities to create a connection through fun time together. Offer toys in their habitat, but leave the habitat unlocked and open as an optional safe, fun space. Play music at a low volume or sing to your bird. While it sounds a bit odd, birds respond well to music and familiar songs. Some pet birds even like to dance to their favorite beats. Try making out-of-habitat time a bonding experience by carrying them around on your shoulder. Spending quality play time with your pet will help you form a friendship built on safety, trust, and comfort.&amp;nbsp;&lt;/p&gt;&lt;p&gt;&lt;span style=&quot;font-size: 1rem;&quot;&gt;&lt;b&gt;Be Patient&lt;/b&gt;&lt;/span&gt;&lt;br&gt;&lt;/p&gt;&lt;p&gt;Animals need some time to get used to their owners and new surroundings. Be very patient as your pet acclimates to their new home.&amp;nbsp;&lt;/p&gt;&lt;p&gt;&lt;br&gt;&lt;/p&gt;', 1, '2022-08-09 10:57:16'),
(13, 1, 2, 'Bird grooming Tips', '&lt;p&gt;&lt;b&gt;Grooming Your Bird:&lt;/b&gt;&lt;/p&gt;&lt;p&gt;&lt;span style=&quot;font-size: 1rem;&quot;&gt;There are several essential grooming tasks that can keep your bird in peak condition. Not all birds will require every type of grooming assistance, however, and novice bird owners should seek the advice and guidance of a professional groomer or experienced bird veterinarian to learn the best grooming techniques to suit their bird&#039;s individual needs and personality.&lt;/span&gt;&lt;br&gt;&lt;/p&gt;&lt;p&gt;&lt;span style=&quot;font-size: 1rem;&quot;&gt;The typical tasks needed to groom a bird include&hellip;&lt;/span&gt;&lt;br&gt;&lt;/p&gt;&lt;p&gt;&lt;span style=&quot;font-size: 1rem;&quot;&gt;&lt;b&gt;Talon Trimming:&lt;/b&gt;&lt;/span&gt;&lt;br&gt;&lt;/p&gt;&lt;p&gt;A bird&#039;s talons are essential for a firm grip while perching, manipulating food or walking around a cage. When talons are too long, the bird may develop an unbalanced gait or lameness, and long talons may cause scratches or other injuries. They can also snag fabric and cause stress if the bird feels trapped. Trimming talons is easily done with small nail clippers, removing just the tips of the talons to blunt and shorten them. Another option is filing the talons with a rotary file that will automatically cauterize the tips if there is any inadvertent injury.&lt;/p&gt;&lt;p&gt;&lt;b style=&quot;font-size: 1rem;&quot;&gt;Bill Trimming:&lt;/b&gt;&lt;br&gt;&lt;/p&gt;&lt;p&gt;A bird&#039;s bill is continually worn down as it manipulates its food or uses its bill for climbing and gripping. In captivity, soft foods do not wear down the bird&#039;s bill, and an overgrown bill can make it more difficult for a bird to eat or preen properly. A small file can be used to even out the bill shape or slightly reduce an overgrown tip if needed. Providing harder foods or toys for a pet bird to gnaw will also help keep the bill in proper shape.&lt;/p&gt;&lt;p&gt;&lt;span style=&quot;font-size: 1rem;&quot;&gt;&lt;b&gt;Wing Clipping:&lt;/b&gt;&lt;/span&gt;&lt;br&gt;&lt;/p&gt;&lt;p&gt;Small pet birds such as canaries that do not leave their cages may never need their wings clipped, but larger birds such as parrots and macaws that enjoy time outside their cages will need regular clippings. Clipping the wings shortens the outermost flight feathers to make it more difficult for the birds to fly to greater altitudes or further distances, but they can still glide effectively and land safely.&lt;/p&gt;&lt;p&gt;&lt;b style=&quot;font-size: 1rem;&quot;&gt;Baths:&lt;/b&gt;&lt;/p&gt;&lt;p&gt;Birds do not need to be regularly bathed, but they will enjoy the opportunity to bathe themselves. Misting your bird lightly with a spray bottle will trigger their preening instincts, or you can provide a shallow water dish they can splash in. The water should be kept fresh and clean, and no soaps, conditioners or other chemicals are necessary.&lt;/p&gt;&lt;p&gt;&lt;b style=&quot;font-size: 1rem;&quot;&gt;Dusting:&lt;/b&gt;&lt;br&gt;&lt;/p&gt;&lt;p&gt;Many birds, including some popular pet bird species, enjoy dusting &ndash; rolling and &quot;splashing&quot; around in ultra fine dust or sand. This helps absorb body oils and keeps skin and feathers in good condition. You can easily provide dust for your bird to use, but be aware that it will be messy process as the bird enthusiastically raises a cloud of dust while it preens.&lt;/p&gt;&lt;p&gt;Regardless of the type of grooming your bird may need, it is best to never attempt any trimming, bathing or grooming if the bird is stressed or sick. Doing so will only aggravate the bird and can make its symptoms worse. Instead, delay grooming for a few days, or do it only in very small sections to keep stress as minimal as possible &ndash; such as clipping only 1-2 talons per day rather than struggling to do all of them at once.&lt;/p&gt;&lt;p&gt;&lt;b style=&quot;font-size: 1rem;&quot;&gt;Keeping Clean:&lt;/b&gt;&lt;/p&gt;&lt;p&gt;&lt;span style=&quot;font-size: 1rem;&quot;&gt;One of the easiest ways to help your bird stay groomed is to be sure its cage is clean. Remove soiled bedding, spilled food, shed feathers, feces and other debris every day, and be sure there are plentiful toys for the bird to use to keep its talons and bill in good shape. With just a little extra help, your bird will always look its best!&lt;/span&gt;&lt;br&gt;&lt;/p&gt;', 1, '2022-08-09 10:58:10'),
(14, 1, 3, 'Bird Nutrition Tips', '&lt;p&gt;Good nutrition plays an essential role in the maintenance of a healthy bird. It has been estimated that 80-90% of bird diseases are related to an inadequate diet. Although the exact nutritional requirements of exotic birds have not been established, it has been determined that a dry seed diet alone is not sufficient. Even &ldquo;vitamin enriched&rdquo; seeds are deficient in calcium, iodine, amino acids, Vitamin A, B vitamins and other essential nutrients in addition to being too high in fat. Safflower seeds are no better than sunflower seeds.&lt;/p&gt;&lt;p&gt;&lt;span style=&quot;font-size: 1rem;&quot;&gt;In order to correct this problem, pelleted avian diets have been formulated to provide balanced nutrition for your pet birds. To supplement these diets, a variety of fresh foods should be fed on a daily basis. Birds have a poorly developed sense of smell and taste. The appearance and texture of food, however, will strongly affect what they will eat. Once birds become accustomed to a seed diet, anything different is usually approached with a great deal of skepticism. DO NOT GIVE UP! It often take months to gradually change your bird&rsquo;s old eating habits to a more healthful one.&lt;/span&gt;&lt;br&gt;&lt;/p&gt;&lt;p&gt;&lt;span style=&quot;font-size: 1rem;&quot;&gt;&lt;b&gt;PELLETED DIET:&lt;/b&gt;&lt;/span&gt;&lt;br&gt;&lt;/p&gt;&lt;p&gt;&lt;span style=&quot;font-size: 1rem;&quot;&gt;- A pelleted diet should provide the bulk (60-80%) of your pet bird&rsquo;s diet. Brands such as Harrison&rsquo;s, Kaytee (Exact), and Zupreem are designed to provide complete nutrition for your bird just as dog food is designed to provide complete nutrition for you dog. Harrison&rsquo;s pellets are completely organic and contain no preservatives.&lt;/span&gt;&lt;br&gt;&lt;/p&gt;&lt;p&gt;&lt;span style=&quot;font-size: 1rem;&quot;&gt;- It may take time and patience to train your bird to eat this form of food, but the benefits to your bird&rsquo;s health and longevity far outweigh the negatives of the transition.&lt;/span&gt;&lt;/p&gt;&lt;p&gt;- When introducing new foods to your bird, feed new foods first thing in the morning since birds are hungriest when they wake up.&lt;/p&gt;&lt;p&gt;&lt;span style=&quot;font-size: 1rem;&quot;&gt;&lt;b&gt;SEED:&lt;/b&gt;&lt;/span&gt;&lt;/p&gt;&lt;p&gt;&lt;span style=&quot;font-size: 1rem;&quot;&gt;- Seed should be kept to a minimum and offered only as a treat.&lt;/span&gt;&lt;br&gt;&lt;/p&gt;&lt;p&gt;&lt;span style=&quot;font-size: 1rem;&quot;&gt;- Different types of seeds should be offered.&lt;/span&gt;&lt;br&gt;&lt;/p&gt;&lt;p&gt;&lt;span style=&quot;font-size: 1rem;&quot;&gt;- Use Nutriberries as a treat. They are more nutritionally balanced than seeds.&lt;/span&gt;&lt;br&gt;&lt;/p&gt;&lt;p&gt;&lt;span style=&quot;font-size: 1rem;&quot;&gt;- Never feed any bird a diet of wild bird seeds!&lt;/span&gt;&lt;/p&gt;&lt;p&gt;&lt;span style=&quot;font-size: 1rem;&quot;&gt;&lt;b&gt;FRUITS &amp;amp; VEGETABLES:&lt;/b&gt;&lt;/span&gt;&lt;br&gt;&lt;/p&gt;&lt;p&gt;&lt;span style=&quot;font-size: 1rem;&quot;&gt;- These are a part of a balanced diet for a bird. Suggested vegetables are carrots, kale, chard, yellow squash, collard greens, dandelion greens, beet greens, mustard greens, endive, broccoli, parsley, romaine, cooked sweet potato, green beans, asparagus, spinach, peppers (bell and jalapeno), watercress, lima beans, and other legumes. Vegetables need to be thoroughly washed and can be fed raw or cooked, though cooking decreases some nutrients.&lt;/span&gt;&lt;br&gt;&lt;/p&gt;&lt;p&gt;&lt;span style=&quot;font-size: 1rem;&quot;&gt;- Suggested fruits include apples, apricots, cantaloupe, papaya, bananas, grapes, mango, watermelon, pomegranate, and all citrus. Various juices and nectars ( natural and no sugar added) may also be given in small quantities. (All Fruits with seeds are toxic to your bird, so please make sure to remove all seeds before feeding you animal any fruits. Please see handout &ldquo;Foods Birds should Avoid&rdquo; for a more thorough list on toxic foods.&lt;/span&gt;&lt;br&gt;&lt;/p&gt;&lt;p&gt;&lt;span style=&quot;font-size: 1rem;&quot;&gt;- It is important to wash all fruits and vegetables thoroughly prior to feeding.&lt;/span&gt;&lt;br&gt;&lt;/p&gt;&lt;p&gt;&lt;span style=&quot;font-size: 1rem;&quot;&gt;- Canned fruits and vegetables should be avoided due to a high sugar and salt content, which may tend to cause diarrhea or other health problems.&lt;/span&gt;&lt;br&gt;&lt;/p&gt;&lt;p&gt;&lt;span style=&quot;font-size: 1rem;&quot;&gt;- Birds that begin eating fruits and veggies are taking in more water with their food than they have been. The resulting increase in urine output may look like diarrhea or the color of their feces may change color.,&lt;/span&gt;&lt;br&gt;&lt;/p&gt;&lt;p&gt;&lt;span style=&quot;font-size: 1rem;&quot;&gt;- Avocado can be toxic to birds and should never be fed.&lt;/span&gt;&lt;br&gt;&lt;/p&gt;&lt;p&gt;&lt;span style=&quot;font-size: 1rem;&quot;&gt;&lt;b&gt;PROTEIN SOURCES:&lt;/b&gt;&lt;/span&gt;&lt;br&gt;&lt;/p&gt;&lt;p&gt;&lt;span style=&quot;font-size: 1rem;&quot;&gt;- All birds have a protein need. This may be met by feeding limited amounts cooked eggs, cooked egg substitute, bean mixtures (legumes), tofu, whole grain breads, low or non-fat cheese and peanut butter ( in very small amounts).&lt;/span&gt;&lt;br&gt;&lt;/p&gt;&lt;p&gt;&lt;span style=&quot;font-size: 1rem;&quot;&gt;&lt;b&gt;VITAMINS, MINERALS AND GRIT:&lt;/b&gt;&lt;/span&gt;&lt;br&gt;&lt;/p&gt;&lt;p&gt;&lt;span style=&quot;font-size: 1rem;&quot;&gt;- All birds on a seed diet should receive a daily supplement containing vitamins (including D3), minerals, and amino acids.&lt;/span&gt;&lt;br&gt;&lt;/p&gt;&lt;p&gt;&lt;span style=&quot;font-size: 1rem;&quot;&gt;- Powdered vitamin formulations are best utilized when sprinkled on fresh produce or pellets. When sprinkled on seeds most is wasted, and when put in the water, vitamins can encourage harmful bacterial growth.&lt;/span&gt;&lt;br&gt;&lt;/p&gt;&lt;p&gt;&lt;span style=&quot;font-size: 1rem;&quot;&gt;- Minerals are essential and should be supplied daily in the form of cuttlebones, mineral blocks, oyster shell, or egg shell. A calcium supplement should be available, such as oyster shells, bone meal, dicalcium phosphate with D3 or a mineral block with calcium, crushed Tums (contaiing no Xylitol). Parakeets should also be supplied with a source of iodine.&lt;/span&gt;&lt;br&gt;&lt;/p&gt;&lt;p&gt;&lt;span style=&quot;font-size: 1rem;&quot;&gt;- Many birds develop poor eating habits and border on malnutrition. One method of adding variety and interest is to include table food. Don&rsquo;t hesitate to try different foods. (See Handout &quot;Foods that birds should avoid&quot;)&lt;/span&gt;&lt;br&gt;&lt;/p&gt;&lt;p&gt;&lt;span style=&quot;font-size: 1rem;&quot;&gt;- Grit is unnecessary for all parrots. Finches and canaries can be supplemented with a pinch of grit once every few months. Too much grit can cause vitamin deficiencies and grit .&lt;/span&gt;&lt;br&gt;&lt;/p&gt;&lt;p&gt;&lt;b&gt;&lt;span style=&quot;font-size: 1rem;&quot;&gt;BASIC RULES FOR FEEDING BIRDS:&lt;/span&gt;&lt;br&gt;&lt;/b&gt;&lt;/p&gt;&lt;p&gt;&lt;span style=&quot;font-size: 1rem;&quot;&gt;- Remove any uneaten fresh food within several hours after feeding to prevent spoilage.&lt;/span&gt;&lt;br&gt;&lt;/p&gt;&lt;p&gt;&lt;span style=&quot;font-size: 1rem;&quot;&gt;- Try to develop your bird&rsquo;s taste by introducing natural fruit juices--then start on the solid fruit. New foods and pelleted diets may be mixed with the seed diet during a transition to a healthier pellet-based diet.&lt;/span&gt;&lt;br&gt;&lt;/p&gt;&lt;p&gt;&lt;span style=&quot;font-size: 1rem;&quot;&gt;- Do not overwhelm your bird by suddenly dumping a handful of tablescraps in the cage. Begin with small quantities.&lt;/span&gt;&lt;br&gt;&lt;/p&gt;&lt;p&gt;&lt;span style=&quot;font-size: 1rem;&quot;&gt;- Do not try to starve your bird into eating a new food. He/she may die in as little as 48 hours!!&lt;/span&gt;&lt;br&gt;&lt;/p&gt;', 1, '2022-08-09 10:59:13'),
(15, 2, 8, 'About Bird Diseases', '&lt;p&gt;&lt;b&gt;Bird Disease:&lt;/b&gt;&lt;/p&gt;&lt;p&gt;&lt;span style=&quot;font-size: 1rem;&quot;&gt;&lt;b&gt;Proventricular Dilatation Disease (PDD)&lt;/b&gt;&lt;/span&gt;&lt;/p&gt;&lt;p&gt;Proventricular Dilatation Disease (PDD) is one of the most confounding avian disorders. The disease affects the nerves that supply the bird&#039;s gastrointestinal tract, though it can also affect nerves that supply other organs, too.&lt;/p&gt;&lt;p&gt;&lt;span style=&quot;font-size: 1rem;&quot;&gt;PD is also known as Macaw Wasting Syndrome and Parrot Wasting Syndrome because it&#039;s most commonly diagnosed in Macaws, African grey parrots, Amazon parrots, cockatoos, and conures.&lt;/span&gt;&lt;br&gt;&lt;/p&gt;&lt;p&gt;&lt;span style=&quot;font-size: 1rem;&quot;&gt;Symptoms of PDD include weight loss, vomiting, changes in the bird&#039;s droppings, and a swollen crop, which is the muscular pouch near the throat. However, no one sign or symptom can distinguish PPD. Some birds may not show any signs of illness until they are very sick with the disease.?&lt;/span&gt;&lt;br&gt;&lt;/p&gt;&lt;p&gt;&lt;span style=&quot;font-size: 1rem;&quot;&gt;Treatment will often be nonsteroidal anti-inflammatory drugs (NSAIDs), and the bird may have to be put on a special diet.1? However, there&#039;s no cure for the disease, so these treatments are just to reduce pain for the rest of the birds&#039; lives.&lt;/span&gt;&lt;/p&gt;&lt;p&gt;&lt;span style=&quot;font-size: 1rem;&quot;&gt;&lt;b&gt;Psittacosis (Parrot Fever)&lt;/b&gt;&lt;/span&gt;&lt;/p&gt;&lt;p&gt;Psittacosis, or &quot;Parrot Fever,&quot; is a form of the Chlamydia bacterium that can affect all hookbills. The disease is highly contagious and can be passed from birds to other animals, as well as humans.&lt;/p&gt;&lt;p&gt;&lt;span style=&quot;font-size: 1rem;&quot;&gt;Symptoms of Psittacosis aren&#039;t specific, but they include difficulty in breathing, nasal and eye discharge, inappetence, and loose, watery droppings with general lethargy. Treatment is most often an antibiotic, tetracycline, which can be given orally or through injections. However, birds taking tetracycline cannot have calcium because of its effect on the medication.&lt;/span&gt;&lt;/p&gt;&lt;p&gt;&lt;span style=&quot;font-size: 1rem;&quot;&gt;&lt;b&gt;Psittacine Beak and Feather Disease (PBFD)&lt;/b&gt;&lt;/span&gt;&lt;/p&gt;&lt;p&gt;PBFD is a serious illness that can affect all members of the parrot family and has been referred to as &quot;bird AIDS,&quot; given the similarity between the diseases. Although most affected birds are under the age of two years, PBFD can affect birds of any age.&lt;/p&gt;&lt;p&gt;&lt;span style=&quot;font-size: 1rem;&quot;&gt;Symptoms of PBFD include feather loss, abnormal feather development, the absence of powder down (dander), and growths, lesions, and abnormalities of the beak. If a bird is showing symptoms, the veterinarian may do a skin and/or feather biopsy.?&lt;/span&gt;&lt;br&gt;&lt;/p&gt;&lt;p&gt;&lt;span style=&quot;font-size: 1rem;&quot;&gt;Currently, there is no treatment for PBFD, so a vet will recommend supportive care that includes pain management.&lt;/span&gt;&lt;br&gt;&lt;/p&gt;&lt;p&gt;&lt;span style=&quot;font-size: 1rem;&quot;&gt;&lt;b&gt;Polyomavirus&lt;/b&gt;&lt;/span&gt;&lt;br&gt;&lt;/p&gt;&lt;p&gt;Polyomavirus is a disorder that affects caged birds, particularly parrots. Birds that are newborn or juveniles are most at risk, and the disease is usually fatal.&lt;/p&gt;&lt;p&gt;&lt;span style=&quot;font-size: 1rem;&quot;&gt;Symptoms of polyomavirus include appetite loss, an enlarged abdomen, paralysis, and diarrhea. Some birds may not show outward symptoms at all, but are carriers of the virus and may shed it in times of stress, posing a risk of infection to other birds in the home.&lt;/span&gt;&lt;/p&gt;&lt;p&gt;&lt;span style=&quot;font-size: 1rem;&quot;&gt;There is no known treatment for polyomavirus. This disease can progress quickly and has a high mortality rate. If your bird is at high risk of exposure, aka they are exposed to many other birds, vaccination is available to help reduce the risk of illness.&lt;/span&gt;&lt;br&gt;&lt;/p&gt;&lt;p&gt;&lt;span style=&quot;font-size: 1rem;&quot;&gt;&lt;b&gt;Candida&lt;/b&gt;&lt;/span&gt;&lt;br&gt;&lt;/p&gt;&lt;p&gt;Candida, or Candidiasis, is a fungal infection that can affect the digestive tract of all species of birds. The disease involves an overgrowth of yeasts that are normally found in a bird&#039;s digestive system.&lt;/p&gt;&lt;p&gt;&lt;span style=&quot;font-size: 1rem;&quot;&gt;Common symptoms of Candida infections include white lesions in and around the mouth and throat, vomiting, appetite loss, and a crop that is slow to empty. The bird might appear to be lethargic.&lt;/span&gt;&lt;br&gt;&lt;/p&gt;&lt;p&gt;&lt;span style=&quot;font-size: 1rem;&quot;&gt;Most Candida infections are successfully treated using antifungal medications. Candida often develops secondary to another disease, so the bird should be examined and treated for all potential problems by a vet.&lt;/span&gt;&lt;br&gt;&lt;/p&gt;', 1, '2022-08-09 11:02:27'),
(16, 2, 8, 'Contact Vet', '&lt;p&gt;1&lt;span style=&quot;white-space:pre&quot;&gt;	&lt;/span&gt;Dr. Mohammad Mamunur Rashid&lt;span style=&quot;white-space:pre&quot;&gt;	&lt;/span&gt;Central Veterinary Hospital&lt;span style=&quot;white-space:pre&quot;&gt;	&lt;/span&gt;01725808534&lt;span style=&quot;white-space:pre&quot;&gt;	&lt;/span&gt;https://goo.gl/maps/zmCpCY2wtkSZifVY7&lt;/p&gt;&lt;p&gt;&lt;br&gt;&lt;/p&gt;&lt;p&gt;&lt;br&gt;&lt;/p&gt;&lt;p&gt;2&lt;span style=&quot;white-space:pre&quot;&gt;	&lt;/span&gt;Dr. Arifur Rabbi&lt;span style=&quot;white-space:pre&quot;&gt;	&lt;/span&gt;Ta 173/2 Lake view road, Godara ghat to Hatirjheel Road, Dhaka 1212&lt;span style=&quot;white-space:pre&quot;&gt;	&lt;/span&gt;01785636036&lt;span style=&quot;white-space:pre&quot;&gt;	&lt;/span&gt;https://g.page/the-pet-vet-bd?share&lt;/p&gt;&lt;p&gt;&lt;br&gt;&lt;/p&gt;&lt;p&gt;&lt;br&gt;&lt;/p&gt;&lt;p&gt;3&lt;span style=&quot;white-space:pre&quot;&gt;	&lt;/span&gt;Dr. Sagir Uddin Ahmed&lt;span style=&quot;white-space:pre&quot;&gt;	&lt;/span&gt;Dhanmondi Chamber/Clinic: House 3/2, Block D, Lalmatia Dhaka 1207, Bangladesh Gulshan Chamber/Clinic: House # 21, Road # 6, Block # D, Niketon, Gulshan 1, Dhaka&lt;span style=&quot;white-space:pre&quot;&gt;	&lt;/span&gt;01912251312, 01752987436, 01706214759&lt;span style=&quot;white-space:pre&quot;&gt;	&lt;/span&gt;https://g.page/VetDr-Sagir?share&lt;/p&gt;&lt;p&gt;&lt;br&gt;&lt;/p&gt;&lt;p&gt;&lt;br&gt;&lt;/p&gt;&lt;p&gt;4&lt;span style=&quot;white-space:pre&quot;&gt;	&lt;/span&gt;Dr. Md. Mahbubul Alam Bhuiyan&lt;span style=&quot;white-space:pre&quot;&gt;	&lt;/span&gt;Central Veterinary Hospital,Chamber Address: 67/2, North Bashaboo, Khilgaon, Dhaka.&lt;span style=&quot;white-space:pre&quot;&gt;	&lt;/span&gt;01711146012&lt;span style=&quot;white-space:pre&quot;&gt;	&lt;/span&gt;https://goo.gl/maps/zmCpCY2wtkSZifVY7&lt;/p&gt;&lt;p&gt;&lt;br&gt;&lt;/p&gt;&lt;p&gt;&lt;br&gt;&lt;/p&gt;&lt;p&gt;5&lt;span style=&quot;white-space:pre&quot;&gt;	&lt;/span&gt;Dr. Siamak Shamsi Bahar&lt;span style=&quot;white-space:pre&quot;&gt;	&lt;/span&gt;H-56, R-9/B, Sector: 5, Uttara.&lt;span style=&quot;white-space:pre&quot;&gt;	&lt;/span&gt;01711561155&lt;span style=&quot;white-space:pre&quot;&gt;	&lt;/span&gt;N/A&lt;/p&gt;&lt;p&gt;&lt;br&gt;&lt;/p&gt;&lt;p&gt;&lt;br&gt;&lt;/p&gt;&lt;p&gt;6&lt;span style=&quot;white-space:pre&quot;&gt;	&lt;/span&gt;Dr. Md. Luthfor Rahman&lt;span style=&quot;white-space:pre&quot;&gt;	&lt;/span&gt;Nikunja-2, Khilkhet, Dhaka.&lt;span style=&quot;white-space:pre&quot;&gt;	&lt;/span&gt;01552457085, 01731492093&lt;span style=&quot;white-space:pre&quot;&gt;	&lt;/span&gt;N/A&lt;/p&gt;&lt;p&gt;&lt;br&gt;&lt;/p&gt;&lt;p&gt;&lt;br&gt;&lt;/p&gt;&lt;p&gt;7&lt;span style=&quot;white-space:pre&quot;&gt;	&lt;/span&gt;Dr. Azmat Ali&lt;span style=&quot;white-space:pre&quot;&gt;	&lt;/span&gt;Gulshan Pet-Animal Clinic (A-Z Pet Animal Solution in Dhaka) 4-5 DCC Super Market, Gulshan-2, Dhaka-1212&lt;span style=&quot;white-space:pre&quot;&gt;	&lt;/span&gt;01912013615, 01715078434&lt;span style=&quot;white-space:pre&quot;&gt;	&lt;/span&gt;https://goo.gl/maps/ZE51c1YH5Vyx9bgA6&lt;/p&gt;&lt;p&gt;&lt;br&gt;&lt;/p&gt;&lt;p&gt;&lt;br&gt;&lt;/p&gt;&lt;p&gt;8&lt;span style=&quot;white-space:pre&quot;&gt;	&lt;/span&gt;Dr. Kazi Mujibur Rahman&lt;span style=&quot;white-space:pre&quot;&gt;	&lt;/span&gt;Chief vet, Central Veterinary Hospital, Dhaka&lt;span style=&quot;white-space:pre&quot;&gt;	&lt;/span&gt;01715016218&lt;span style=&quot;white-space:pre&quot;&gt;	&lt;/span&gt;https://goo.gl/maps/Nwtv5TsGGY81dKRa9&lt;/p&gt;&lt;p&gt;&lt;br&gt;&lt;/p&gt;&lt;p&gt;&lt;br&gt;&lt;/p&gt;&lt;p&gt;9&lt;span style=&quot;white-space:pre&quot;&gt;	&lt;/span&gt;Dr. Mohammad Shariful Haque&lt;span style=&quot;white-space:pre&quot;&gt;	&lt;/span&gt;ElephantRoad.&lt;span style=&quot;white-space:pre&quot;&gt;	&lt;/span&gt;0173046585&lt;span style=&quot;white-space:pre&quot;&gt;	&lt;/span&gt;N/A&lt;/p&gt;&lt;p&gt;&lt;br&gt;&lt;/p&gt;&lt;p&gt;&lt;br&gt;&lt;/p&gt;&lt;p&gt;10&lt;span style=&quot;white-space:pre&quot;&gt;	&lt;/span&gt;Dr. Lf. Col Shahjada&lt;span style=&quot;white-space:pre&quot;&gt;	&lt;/span&gt;Bangladesh Army (vet)&lt;span style=&quot;white-space:pre&quot;&gt;	&lt;/span&gt;01711123288&lt;/p&gt;', 1, '2022-08-09 11:36:10');

-- --------------------------------------------------------

--
-- Table structure for table `care_categories`
--

CREATE TABLE `care_categories` (
  `id` int(30) NOT NULL,
  `care_category` varchar(250) NOT NULL,
  `description` text DEFAULT NULL,
  `status` tinyint(1) NOT NULL DEFAULT 1,
  `date_created` datetime NOT NULL DEFAULT current_timestamp()
) ENGINE=InnoDB DEFAULT CHARSET=latin1;

--
-- Dumping data for table `care_categories`
--

INSERT INTO `care_categories` (`id`, `care_category`, `description`, `status`, `date_created`) VALUES
(1, 'Pet Care', '&lt;p&gt;you can learn to care for your pet properly.&lt;/p&gt;', 1, '2022-08-06 11:04:45'),
(2, 'Disease & Doctor', 'Know about different pet diseases.', 1, '2022-08-06 13:01:04');

-- --------------------------------------------------------

--
-- Table structure for table `care_sub_categories`
--

CREATE TABLE `care_sub_categories` (
  `id` int(30) NOT NULL,
  `care_parent_id` int(30) NOT NULL,
  `care_sub_category` varchar(250) NOT NULL,
  `description` text NOT NULL,
  `status` tinyint(1) NOT NULL DEFAULT 1,
  `date_created` datetime NOT NULL DEFAULT current_timestamp()
) ENGINE=InnoDB DEFAULT CHARSET=latin1;

--
-- Dumping data for table `care_sub_categories`
--

INSERT INTO `care_sub_categories` (`id`, `care_parent_id`, `care_sub_category`, `description`, `status`, `date_created`) VALUES
(1, 1, 'Taming tips', 'Learn how to tame your pet. ', 1, '2022-08-06 13:50:34'),
(2, 1, 'Grooming tips', 'Learn how to make your pet look more beautiful and adorable', 1, '2021-06-21 16:35:36'),
(3, 1, 'Nutrition tips', 'Learn the best nutrition for your pet', 1, '2022-08-06 14:21:04'),
(4, 2, 'Dog diseases', 'Know about different dog diseases', 1, '2021-06-21 16:35:36'),
(5, 2, 'Cat diseases', 'Learn about different cat diseases.', 1, '2021-06-21 16:35:36'),
(8, 2, 'Bird diseases', '&lt;p&gt;Learn about different bird diseases&lt;/p&gt;', 1, '2022-08-09 10:54:35');

-- --------------------------------------------------------

--
-- Table structure for table `cart`
--

CREATE TABLE `cart` (
  `id` int(30) NOT NULL,
  `client_id` int(30) NOT NULL,
  `inventory_id` int(30) NOT NULL,
  `price` double NOT NULL,
  `quantity` int(30) NOT NULL,
  `date_created` datetime NOT NULL DEFAULT current_timestamp()
) ENGINE=InnoDB DEFAULT CHARSET=utf8mb4;

--
-- Dumping data for table `cart`
--

INSERT INTO `cart` (`id`, `client_id`, `inventory_id`, `price`, `quantity`, `date_created`) VALUES
(7, 2, 3, 500, 1, '2022-08-07 21:28:28'),
(8, 2, 9, 400, 1, '2022-08-07 22:45:58'),
(9, 2, 2, 300, 1, '2022-08-07 22:46:09'),
(10, 1, 3, 1200, 1, '2022-08-08 08:51:29');

-- --------------------------------------------------------

--
-- Table structure for table `categories`
--

CREATE TABLE `categories` (
  `id` int(30) NOT NULL,
  `category` varchar(250) NOT NULL,
  `description` text DEFAULT NULL,
  `status` tinyint(1) NOT NULL DEFAULT 1,
  `date_created` datetime NOT NULL DEFAULT current_timestamp()
) ENGINE=InnoDB DEFAULT CHARSET=utf8mb4;

--
-- Dumping data for table `categories`
--

INSERT INTO `categories` (`id`, `category`, `description`, `status`, `date_created`) VALUES
(1, 'Adoption', 'Learn how can you adopt a pet.', 1, '2021-06-21 16:34:04');

-- --------------------------------------------------------

--
-- Table structure for table `clients`
--

CREATE TABLE `clients` (
  `id` int(30) NOT NULL,
  `firstname` varchar(250) NOT NULL,
  `lastname` varchar(250) NOT NULL,
  `NID` bigint(200) NOT NULL,
  `contact` varchar(15) NOT NULL,
  `email` varchar(250) NOT NULL,
  `password` text NOT NULL,
  `default_delivery_address` text NOT NULL,
  `date_created` datetime NOT NULL DEFAULT current_timestamp()
) ENGINE=InnoDB DEFAULT CHARSET=utf8mb4;

--
-- Dumping data for table `clients`
--

INSERT INTO `clients` (`id`, `firstname`, `lastname`, `NID`, `contact`, `email`, `password`, `default_delivery_address`, `date_created`) VALUES
(1, 'John', 'Smith', 56743008765439876, '09123456789', 'jsmith@sample.com', '1254737c076cf867dc53d60a0364f38e', 'Sample Address', '2021-06-21 16:00:23'),
(2, 'Mosharat', 'jahan', 11454546786540009, '01842772476', 'mosharratruth@gmail.com', '0192023a7bbd73250516f069df18b500', 'Halishahar', '2021-06-21 16:00:23');

-- --------------------------------------------------------

--
-- Table structure for table `comments`
--

CREATE TABLE `comments` (
  `id` int(11) NOT NULL,
  `name` varchar(255) NOT NULL,
  `comment` text NOT NULL
) ENGINE=InnoDB DEFAULT CHARSET=utf8mb4;

--
-- Dumping data for table `comments`
--

INSERT INTO `comments` (`id`, `name`, `comment`) VALUES
(1, 'Afia Tasnim', 'My cat is so pretty. She always makes me happy.'),
(2, 'Ruthmi', 'My dog is friendly'),
(3, 'Purnima', 'Many theories exist about why we love our pets so much. One theory is pet ownership is good for physical and mental health. Another is that social factors rather than biological ones explain our love for pets. Still another one is that a social contagion occurs when we see others with pets.');

-- --------------------------------------------------------

--
-- Table structure for table `image2`
--

CREATE TABLE `image2` (
  `id` int(11) NOT NULL,
  `username` varchar(255) NOT NULL,
  `filename` varchar(255) NOT NULL
) ENGINE=InnoDB DEFAULT CHARSET=utf8mb4;

--
-- Dumping data for table `image2`
--

INSERT INTO `image2` (`id`, `username`, `filename`) VALUES
(1, 'Afia', 'R.jpg'),
(2, 'Ruthmi', 'pexels-chevanon-photography-1108099.jpg'),
(3, 'Ishra', 'kitty-cat.jpeg'),
(4, 'Purnima', 'images.jpg'),
(5, 'Ripa', 'cute-dog.jpg'),
(6, 'mosharat', 'grooming cat.jpeg'),
(7, 'Nabila', '1624240500_avatar.png'),
(11, 'NabilaAI', '1659872820_adoptapet.jpg'),
(12, 'Akhi', 'dog_1.jpg'),
(13, 'Jk', 'dog_1.jpg');

-- --------------------------------------------------------

--
-- Table structure for table `inventory`
--

CREATE TABLE `inventory` (
  `id` int(30) NOT NULL,
  `product_id` int(30) NOT NULL,
  `quantity` double NOT NULL,
  `unit` varchar(100) NOT NULL DEFAULT 'gm',
  `price` float NOT NULL,
  `size` varchar(250) NOT NULL DEFAULT 'M',
  `date_created` datetime NOT NULL DEFAULT current_timestamp(),
  `date_updated` datetime DEFAULT current_timestamp() ON UPDATE current_timestamp()
) ENGINE=InnoDB DEFAULT CHARSET=utf8mb4;

--
-- Dumping data for table `inventory`
--

INSERT INTO `inventory` (`id`, `product_id`, `quantity`, `unit`, `price`, `size`, `date_created`, `date_updated`) VALUES
(1, 1, 50, 'pcs', 1500, 'M', '2021-06-21 13:01:30', '2022-08-08 08:36:57'),
(2, 2, 20, 'Sample', 1000, 'L', '2021-06-21 13:07:00', '2022-08-08 08:37:04'),
(3, 4, 11, 'pcs', 1200, 'M', '2021-06-21 16:50:37', '2022-08-08 08:37:13'),
(4, 3, 5, 'pack', 1050, 'M', '2021-06-21 16:51:12', '2022-08-08 08:37:20'),
(5, 5, 5, 'pcs', 700, 'M', '2021-06-21 16:51:35', '2022-08-08 08:37:30'),
(6, 7, 10, 'pcs', 1550, 'L', '2021-06-21 16:51:54', '2022-08-08 08:38:37'),
(7, 8, 5, 'pcs', 1150, 'S', '2021-06-22 15:50:47', '2022-08-08 08:38:26'),
(8, 9, 10, 'pcs', 1180, 'M', '2021-06-22 15:51:13', '2022-08-08 08:38:18'),
(9, 10, 5, '', 1000, '', '2022-08-06 21:18:46', '2022-08-08 08:38:48'),
(10, 11, 4, '', 1000, '', '2022-08-06 21:18:46', '2022-08-08 08:38:58'),
(11, 12, 3, '', 1400, '', '2022-08-06 21:19:08', '2022-08-08 08:39:05'),
(12, 13, 2, '', 1300, '', '2022-08-06 22:23:11', '2022-08-08 08:38:05'),
(13, 14, 2, 'gm', 1400, 'M', '2022-08-07 15:21:43', '2022-08-08 08:38:11'),
(16, 15, 1, 'gm', 1200, 'M', '2022-08-08 07:07:31', '2022-08-08 07:07:31'),
(17, 16, 1, 'gm', 1500, 'M', '2022-08-08 07:15:03', '2022-08-08 07:15:03'),
(18, 17, 1, 'gm', 1700, 'M', '2022-08-08 07:16:26', '2022-08-08 07:16:26'),
(19, 21, 1, 'gm', 1500, 'M', '2022-08-08 07:26:58', '2022-08-08 07:26:58'),
(20, 20, 1, 'gm', 1200, 'M', '2022-08-08 07:27:17', '2022-08-08 07:27:17'),
(21, 19, 1, 'gm', 1300, 'M', '2022-08-08 07:27:40', '2022-08-08 07:27:40'),
(22, 22, 1, 'gm', 1700, 'M', '2022-08-08 07:30:58', '2022-08-08 07:30:58'),
(23, 23, 1, 'gm', 500, 'M', '2022-08-08 07:33:54', '2022-08-08 07:33:54'),
(24, 24, 2, 'gm', 700, 'M', '2022-08-08 07:36:02', '2022-08-08 07:36:02'),
(25, 25, 2, 'gm', 1500, 'M', '2022-08-08 07:37:50', '2022-08-08 07:37:50'),
(26, 26, 1, 'gm', 800, 'M', '2022-08-08 07:39:55', '2022-08-08 07:39:55'),
(27, 27, 1, 'gm', 900, 'M', '2022-08-08 07:41:33', '2022-08-08 07:41:33'),
(28, 28, 2, 'gm', 800, 'M', '2022-08-08 07:43:18', '2022-08-08 07:43:18'),
(29, 29, 1, 'gm', 900, 'M', '2022-08-08 07:44:56', '2022-08-08 07:44:56'),
(30, 30, 1, 'gm', 2000, 'M', '2022-08-08 07:47:02', '2022-08-08 07:47:02'),
(31, 31, 1, 'gm', 900, 'M', '2022-08-08 07:48:34', '2022-08-08 07:48:34'),
(32, 32, 1, 'gm', 1200, 'M', '2022-08-08 07:52:48', '2022-08-08 07:52:48'),
(33, 33, 1, 'gm', 1500, 'M', '2022-08-08 07:54:51', '2022-08-08 07:54:51'),
(34, 34, 1, 'gm', 400, 'M', '2022-08-08 07:56:20', '2022-08-08 07:56:20'),
(35, 6, 1, 'gm', 1200, 'M', '2022-08-08 08:35:44', '2022-08-09 23:34:59');

-- --------------------------------------------------------

--
-- Table structure for table `orders`
--

CREATE TABLE `orders` (
  `id` int(30) NOT NULL,
  `client_id` int(30) NOT NULL,
  `delivery_address` text NOT NULL,
  `payment_method` varchar(100) NOT NULL,
  `amount` double NOT NULL,
  `status` tinyint(2) NOT NULL DEFAULT 0,
  `paid` tinyint(1) NOT NULL DEFAULT 0,
  `date_created` datetime NOT NULL DEFAULT current_timestamp(),
  `date_updated` datetime DEFAULT NULL ON UPDATE current_timestamp()
) ENGINE=InnoDB DEFAULT CHARSET=utf8mb4;

--
-- Dumping data for table `orders`
--

INSERT INTO `orders` (`id`, `client_id`, `delivery_address`, `payment_method`, `amount`, `status`, `paid`, `date_created`, `date_updated`) VALUES
(1, 1, 'Sample Address', 'Online Payment', 1100, 2, 1, '2021-06-22 13:48:54', '2021-06-22 14:49:15'),
(2, 1, 'Sample Address', 'cod', 750, 3, 1, '2021-06-22 15:26:07', '2021-06-22 15:32:55'),
(4, 1, 'abc', 'cod', 150, 3, 1, '2022-08-06 21:27:28', '2022-08-06 22:48:00'),
(5, 2, 'Halishahar', 'cod', 250, 0, 0, '2022-08-07 17:19:56', NULL);

-- --------------------------------------------------------

--
-- Table structure for table `order_list`
--

CREATE TABLE `order_list` (
  `id` int(30) NOT NULL,
  `order_id` int(30) NOT NULL,
  `product_id` int(30) NOT NULL,
  `size` varchar(20) NOT NULL,
  `unit` varchar(50) NOT NULL,
  `quantity` int(30) NOT NULL,
  `price` double NOT NULL,
  `total` double NOT NULL
) ENGINE=InnoDB DEFAULT CHARSET=utf8mb4;

--
-- Dumping data for table `order_list`
--

INSERT INTO `order_list` (`id`, `order_id`, `product_id`, `size`, `unit`, `quantity`, `price`, `total`) VALUES
(1, 1, 4, 'L', 'pcs', 2, 550, 1100),
(2, 2, 3, 'M', 'pack', 5, 150, 750),
(5, 4, 3, 'M', 'pack', 1, 150, 150),
(6, 5, 1, 'M', 'pcs', 1, 250, 250);

-- --------------------------------------------------------

--
-- Table structure for table `products`
--

CREATE TABLE `products` (
  `id` int(30) NOT NULL,
  `category_id` int(30) NOT NULL,
  `sub_category_id` int(30) NOT NULL,
  `product_name` varchar(250) NOT NULL,
  `description` text NOT NULL,
  `status` tinyint(1) NOT NULL DEFAULT 1,
  `date_created` datetime NOT NULL DEFAULT current_timestamp()
) ENGINE=InnoDB DEFAULT CHARSET=utf8mb4;

--
-- Dumping data for table `products`
--

INSERT INTO `products` (`id`, `category_id`, `sub_category_id`, `product_name`, `description`, `status`, `date_created`) VALUES
(1, 1, 1, 'Ella', 'Little Ella is looking for her forever home.\n\nElla is a sweet girl with a lot of energy. She hasn\'t had any of the puppy training or socialisation that every puppy needs, so she will need some ongoing training to ensure she grows into her best pup self.\n\nShe hasn\'t quite mastered her impulse control and she gets so excited when she sees hoomans that she can\'t help herself and can get a bit jumpy. She\'s also not ben taught just how good cuddles can be so she\'ll need lots of love while she gets up to speed. Because of these she will need to go to a home with older teenage children or adults only.\n\nShe\'s not really sure how she\'s supposed to walk on lead, is it this way? That way? Am I supposed to jump? Who Knows! So she will need to go home with a balance harness and lead.\n\nElla has also never been around other dogs so has no idea what to do when she sees another pooch. She will need to be introduced slowly to ensure she has positive experiences with other dogs and learns to get along with them well.', 1, '2021-06-21 11:19:31'),
(2, 1, 1, 'Randal', 'Hi! I\'m Randall!\n\nThe humans in the LDH tell me everyday that I\'m the coolest and prettiest boy in the shelter, though I don\'t let it get to my head. I\'m really a humble dude with the occasional burst of energy.\n\nI\'ve made loads of friends in the shelter, mainly with humans, but more recently a few dogs that don\'t get up in my face. While it\'s pretty sociable here, I\'m keen to get out. Just imagine, we could be relaxing together in your home!\n\nIt would be awesome to live with a few adult humans or maybe a few level headed kids. My preference is to be the only dog in the the house, so I can get all the play-time, pats, walks and treats.\n\nI reckon a more quite vibe would suit, as I can be startled by loud noises and unexpected activity. My trainer in here has taught me to check when on walks, I love learning new stuff and might even shake your hand when you come in to say hi!\n\nI\'m also learning that being independent is actually pretty cool. Saying that, I\'m definitely more a fan of hanging-out, so would prefer someone who is home most of the time. Almost forgot, I do have a history of going on a few solo adventures, so make sure there is secure fencing in the yard.', 1, '2021-06-21 16:48:16'),
(3, 1, 1, 'Crayon', 'Arriving at the shelter through no fault of his own Crayon was initially very scared & worried but after a few weeks of TLC and bonding with staff members he is now ready to find his new forever home.\n\nCrayon is a sweet boy who as mentioned is a little timid at first, he needs his new adopters to take it slow with him & give him his space, once he finds his confidence he\'s a playful boy who loves toys & zoomies! He\'s also very treat motivated which is great for building a bond & doing on going training!\n\nCrayon would prefer to go to a calm adults only household where he\'ll be given space & time to settle & eventually flourish!\n\nHe\'d also prefer to be the only dog in the household. He has shown some nice social skills with other dogs but generally prefers to keep himself to himself.', 1, '2021-06-21 16:49:07'),
(4, 1, 1, 'Lucy Jordan', 'Hi, I am Lucy Jordan!\n\nIt has been said that I would like to \"RIDE THROUGH PARIS, IN A SPORTS CAR, WITH THE WARM WIND IN MY HAIR\";\nbut i would prefer to find my perfect forever home. Could this be you?\n\nI am a sweet, easy going gal, who is looking for a family home where I can flourish and become the amazing dog, I know I am.\n\nI really don\'t like being left alone much, so I would prefer it if my new family are able to spend lots of time with me and continue to help me feel safe when you are absent. I really like to be kept busy so providing me with a variety enrichment will help. Food dispensing toys, chews, kongs and toys are my jam!\n\nI would need to be the only dog in the home for now. Most dogs can be too fast and keen to say hello and they can make me feel a little uneasy. I can come across quite rude if I am forced to interact.', 1, '2021-06-21 16:50:11'),
(5, 1, 2, 'Mali', 'Meet Mali, our sweetheart with the love heart nose <3\n\nMali is quite shy and can be a little conflicted at times. She loves humans, but can still be a little wary. You will notice her careful approach when you meet her - but once you start showing her some affection with pats, she knows she is loved.\n\nIt won\'t be long before she is purring and smooching you right back!\n\nMali is startled easily by loud noises, so a quiet home with adults only or a family including secondary aged children would be best suited.', 1, '2021-06-22 15:50:16'),
(6, 1, 2, 'Tinker', 'Attention all humans! Are you looking for a gentle, kind-hearted kitty to cuddle all your worries away??\n\nWell look no further because Tiny Tinker needs you!\n\nTinker is a sweet girl who enjoys gentle pats and gives gentle little smooches. She would like her home to have a slow approach with her, until she becomes comfortable. We promise she has a lot of love to give, she just needs to feel safe and comofortable <3\n\nShe is great at making biscuits and loves kneading her blanket almost instantly when you start patting her. We think she will be the ultimate purr machine in no time!', 1, '2022-08-06 20:42:03'),
(7, 1, 2, 'Skye', 'Skye is a smoochy girl, but once she has had enough, she will definitely let you know - usually with a bit of a warning swipe. For this reason, we are looking for an adult only home that can respect her boundaries.\n', 1, '2022-08-06 20:42:03'),
(8, 1, 2, 'SnoopySmudge', 'A very shy boy who was quite shut down when he came into our care. It\'s taken a lot of TLC to allow snoopy to come out of his shell and he\'s now looking for a quite place to call home.\n\nDon\'t let his timid nature fool you, he\'s quite smoochy once he\'s out of his shell.\n\nDue to his shy nature, Snoopy will need a quite home with adults only and A LOT of patience as little hoomans may be a little too much for him. His new hoomans will need to understand that it\'ll take a while before his affectionate personality shows.\n\nSnoopy has lived with other feline friends, but he tells us that they cramped his style. Therefore he will need to be the only other fur-friend in his new home.', 1, '2022-08-06 20:48:46'),
(9, 1, 1, 'Casey', 'A sweet but shy girl looking for a quite home to claim her place on her hoomans couch.\n\nShe can be shy at first but good chin scratch tends to win her over.\n\nChildren may be a little too much for her so older kids who understand she may want time to herself would be best.\n\nCasey is Feline Immunodeficiency Virus (FIV+) so she will need to be an indoor only kitty. She may be open to sharing her spot on the couch with a feline pal who is also FIV+.', 1, '2022-08-06 20:48:46'),
(10, 1, 2, 'Reginald', 'You could be mistaken for thinking that Reginald is angry in his photo however he is simply trying his best to get the treats out of my hand and into his mouth!\n\nReginald was surrendered to the shelter with his sister Mollee and was very shy when he came in. In fact his first photo was taken with him hiding under his blanket, terrified by everything. Now this beautiful man is happy and outgoing and is the first out of his pen to explore the adoption rooms.\n\nReggie and Mollee love each other and it would be lovely for them to find a home together, they are always found cuddled up together sleeping or eating. They are littermates and as such have always been together.\n', 1, '2022-08-06 20:50:17'),
(11, 1, 2, 'Olive', 'Olive is a cutie pie who loves to come over for a quick chin scratch before she\'s off again.\n\nShe tends to keep to herself so a quite home with older kids who understand she may want space would be best for her.\n\nShe\'s quite shy but treats will win her over ;)', 1, '2022-08-06 20:50:17'),
(14, 1, 2, 'Popcorn', '&lt;p style=&quot;font-family: &amp;quot;Helvetica Neue&amp;quot;, Helvetica, Arial, sans-serif; font-size: 15px; line-height: inherit; border: 0px; outline: 0px; -webkit-font-smoothing: antialiased; overflow-wrap: break-word; margin-top: 0em; margin-bottom: 1.55em; color: rgb(124, 123, 123); background-color: rgb(255, 255, 255);&quot;&gt;Meet Popcorn, a tame female cat with beautiful calico colouring. She&rsquo;s about 3+ years old sterilized. An independent lady, Popcorn loves delicious soft food and naps in her favourite spots &ndash; the quiet life.&lt;/p&gt;&lt;p style=&quot;font-family: &amp;quot;Helvetica Neue&amp;quot;, Helvetica, Arial, sans-serif; font-size: 15px; line-height: inherit; border: 0px; outline: 0px; -webkit-font-smoothing: antialiased; overflow-wrap: break-word; margin-top: 0em; margin-bottom: 1.55em; color: rgb(124, 123, 123); background-color: rgb(255, 255, 255);&quot;&gt;Popcorn was spotted wandering in the estate, hungry and uncertain. We found out that she used to be a house cat. Her previous owner had given her up and she and had been wandering for a long while.&lt;/p&gt;', 1, '2022-08-07 15:21:18'),
(15, 1, 2, 'Buddy', '&lt;p style=&quot;font-family: &amp;quot;Helvetica Neue&amp;quot;, Helvetica, Arial, sans-serif; font-size: 15px; line-height: inherit; border: 0px; outline: 0px; -webkit-font-smoothing: antialiased; overflow-wrap: break-word; margin-top: 0em; margin-bottom: 1.55em; color: rgb(124, 123, 123); background-color: rgb(255, 255, 255);&quot;&gt;Meet Buddy, a charming and wonderfully loving male cat. He is about 2 years old sterilized. He loves to explore his surroundings. He would do wonderfully in a home as an only cat. FIV FeLV negative.&lt;/p&gt;&lt;p style=&quot;font-family: &amp;quot;Helvetica Neue&amp;quot;, Helvetica, Arial, sans-serif; font-size: 15px; line-height: inherit; border: 0px; outline: 0px; -webkit-font-smoothing: antialiased; overflow-wrap: break-word; margin-top: 0em; margin-bottom: 1.55em; color: rgb(124, 123, 123); background-color: rgb(255, 255, 255);&quot;&gt;This sweetie was heartlessly abandoned at the void deck of one housing block some weeks ago and rescued.&lt;/p&gt;&lt;p style=&quot;font-family: &amp;quot;Helvetica Neue&amp;quot;, Helvetica, Arial, sans-serif; font-size: 15px; line-height: inherit; border: 0px; outline: 0px; -webkit-font-smoothing: antialiased; overflow-wrap: break-word; margin-top: 0em; margin-bottom: 1.55em; color: rgb(124, 123, 123); background-color: rgb(255, 255, 255);&quot;&gt;If you would like to meet Buddy, willing to cat-proof the home and offer good quality of good quality soft and dry food, please contact us&lt;/p&gt;', 1, '2022-08-08 07:07:11'),
(16, 1, 2, 'Bui Bui (aka Chubby)', '&lt;p style=&quot;font-family: &amp;quot;Helvetica Neue&amp;quot;, Helvetica, Arial, sans-serif; font-size: 15px; line-height: inherit; border: 0px; outline: 0px; -webkit-font-smoothing: antialiased; overflow-wrap: break-word; margin-top: 0em; margin-bottom: 1.55em; color: rgb(124, 123, 123); background-color: rgb(255, 255, 255);&quot;&gt;Bui Bui (aka Chubby) is a lovely Siamese cross, 1+ year old female sterilized. She&rsquo;s a little shy with new people but when she gets to know you, you will see that she has a huge heart and lots of love to give. She likes to hang out with the people she trusts and follow them around. FIV FeLV negative.&lt;/p&gt;&lt;p style=&quot;font-family: &amp;quot;Helvetica Neue&amp;quot;, Helvetica, Arial, sans-serif; font-size: 15px; line-height: inherit; border: 0px; outline: 0px; -webkit-font-smoothing: antialiased; overflow-wrap: break-word; margin-top: 0em; margin-bottom: 1.55em; color: rgb(124, 123, 123); background-color: rgb(255, 255, 255);&quot;&gt;This sweetie came from a very difficult hoarding situation where the house was overcrowded.&lt;/p&gt;', 1, '2022-08-08 07:14:28'),
(17, 1, 2, 'Mila', '&lt;p style=&quot;font-family: &amp;quot;Helvetica Neue&amp;quot;, Helvetica, Arial, sans-serif; font-size: 15px; line-height: inherit; border: 0px; outline: 0px; -webkit-font-smoothing: antialiased; overflow-wrap: break-word; margin-top: 0em; margin-bottom: 1.55em; color: rgb(124, 123, 123); background-color: rgb(255, 255, 255);&quot;&gt;Meet Mila, a pretty 10-month old tabby cat, female sterilized. A sweet and cute little gal who was rescued from a migrant workers&rsquo; dormitory. She&rsquo;s happy to be rescued and safe.&lt;/p&gt;&lt;p style=&quot;font-family: &amp;quot;Helvetica Neue&amp;quot;, Helvetica, Arial, sans-serif; font-size: 15px; line-height: inherit; border: 0px; outline: 0px; -webkit-font-smoothing: antialiased; overflow-wrap: break-word; margin-top: 0em; margin-bottom: 1.55em; color: rgb(124, 123, 123); background-color: rgb(255, 255, 255);&quot;&gt;Despite her tiny size, Mila is quite adventurous and loves to run around. She&rsquo;s interested in the world around her. She is easy-going with a good all-round nature.&lt;/p&gt;', 1, '2022-08-08 07:16:02'),
(18, 1, 2, 'Cream', '&lt;p style=&quot;font-family: &amp;quot;Helvetica Neue&amp;quot;, Helvetica, Arial, sans-serif; font-size: 15px; line-height: inherit; border: 0px; outline: 0px; -webkit-font-smoothing: antialiased; overflow-wrap: break-word; margin-top: 0em; margin-bottom: 1.55em; color: rgb(124, 123, 123); background-color: rgb(255, 255, 255);&quot;&gt;Introducing Cream, about 3 years old male sterilized. This handsome fellow has a quiet and good all-round nature. When given a soft cushion, he will spend time kneading away. He&rsquo;s a great choice for first time cat owner.&lt;/p&gt;&lt;p style=&quot;font-family: &amp;quot;Helvetica Neue&amp;quot;, Helvetica, Arial, sans-serif; font-size: 15px; line-height: inherit; border: 0px; outline: 0px; -webkit-font-smoothing: antialiased; overflow-wrap: break-word; margin-top: 0em; margin-bottom: 1.55em; color: rgb(124, 123, 123); background-color: rgb(255, 255, 255);&quot;&gt;Cream was given up by his previous family who could no longer able to care for him. He is a medium/long haired cat and will require regular brushing/grooming.&lt;/p&gt;', 1, '2022-08-08 07:20:44'),
(19, 1, 1, 'Dale', '&lt;p style=&quot;margin-right: 0px; margin-bottom: 10px; margin-left: 0px; color: rgb(51, 51, 51); font-family: &amp;quot;Open Sans&amp;quot;, sans-serif; letter-spacing: 0.32px; background-color: rgb(255, 255, 255);&quot;&gt;Dale is a sweet and sensitive 10 year old collie boy. He&#039;s a quiet boy who is looking forward to starting the next chapter in his life. He can initially be quite shy and needs a little time to build his confidence. Once he&#039;s comfortable he loves a gentle stroll where he can explore all the sniffs.&lt;/p&gt;&lt;p style=&quot;margin-right: 0px; margin-bottom: 10px; margin-left: 0px; color: rgb(51, 51, 51); font-family: &amp;quot;Open Sans&amp;quot;, sans-serif; letter-spacing: 0.32px; background-color: rgb(255, 255, 255);&quot;&gt;Dale is looking for a calm and patient home where he can take life at his own pace. He&#039;d need any time alone to be built up slowly once he&#039;s settled in. He may be able to live with another dog providing they get along here at the centre. He&#039;ll be suitable to live with children aged 14 and above who are used to dogs. Dale is looking to have a quiet retirement home where he can grow old with grace and enjoy his golden years.&lt;/p&gt;', 1, '2022-08-08 07:23:42'),
(20, 1, 1, 'Dot', '&lt;p style=&quot;margin-right: 0px; margin-bottom: 10px; margin-left: 0px; color: rgb(51, 51, 51); font-family: &amp;quot;Open Sans&amp;quot;, sans-serif; letter-spacing: 0.32px; background-color: rgb(255, 255, 255);&quot;&gt;Dot is a gorgeous 3 year old Spitz cross who is looking for a calm and quiet, female only home with no visiting children. She is worried by other dogs so will need to be the only dog in the home and further socialization will be beneficial once she&#039;s settled and gained more confidence.&lt;/p&gt;&lt;p style=&quot;margin-right: 0px; margin-bottom: 10px; margin-left: 0px; color: rgb(51, 51, 51); font-family: &amp;quot;Open Sans&amp;quot;, sans-serif; letter-spacing: 0.32px; background-color: rgb(255, 255, 255);&quot;&gt;Dot is a timid girl who has not had a great start in life. She will need patient owners willing to go at her pace in building up her confidence. She is very foody so this will help with training once she&#039;s settled. Dot would prefer quieter walks away from lots of hustle and bustle. She would love her own secure garden with direct access from the home.&lt;/p&gt;&lt;p style=&quot;margin-right: 0px; margin-bottom: 10px; margin-left: 0px; color: rgb(51, 51, 51); font-family: &amp;quot;Open Sans&amp;quot;, sans-serif; letter-spacing: 0.32px; background-color: rgb(255, 255, 255);&quot;&gt;Dot has been unsure around males so is looking for a female only home. Potential owners must be able to come and visit Dot at least 3 times before she goes home. If you are shortlisted for this dog please be aware a meet will be arranged at the centre within 48 hours and your new family member may be home with you within 7 days.&lt;/p&gt;', 1, '2022-08-08 07:24:48'),
(21, 1, 1, 'SHIRO', '&lt;p&gt;&lt;span style=&quot;color: rgb(75, 85, 99); font-family: Roboto, sans-serif; font-size: medium; background-color: rgb(255, 255, 255);&quot;&gt;Shiro likes to play with toys, and is very smart. He is a moderately high drive dog like most herding breeds and likes activity on his terms. He likes his walks but his insecurities keep him from being a dog park dog. He bonds heavily with a particular person and sometimes a particular dog - he is IN LOVE with the dog SNOW KITTY at the Milo Sanctuary, and would follow him anywhere. Shiro is wary of strangers but is very loyal to his people and for this reason he can be protective. He needs a very predictable, low stim. home to be successful. Training and building Shiro&#039;s confidence would be key to have Shiro flourish.&lt;/span&gt;&lt;br&gt;&lt;/p&gt;', 1, '2022-08-08 07:26:30'),
(22, 1, 1, 'Milly', '&lt;p&gt;&lt;span style=&quot;color: rgb(75, 85, 99); font-family: Roboto, sans-serif; font-size: medium; background-color: rgb(255, 255, 255);&quot;&gt;Milly is a gorgeous and loving dog with those she knows. She is long, lanky and elegant! She&#039;s completed puppy manners training, knows many basic commands and is housebroken. She loves to catch biscuits and play chase with dog friends, stretching her long legs - she is beautiful in motion! Milly is energetic, so outdoor space to explore and run around is a must, and she loves a nice dog bed or couch (if allowed) to lounge on!&lt;/span&gt;&lt;br style=&quot;border: 0px solid rgb(210, 214, 220); color: rgb(75, 85, 99); font-family: Roboto, sans-serif; font-size: medium; background-color: rgb(255, 255, 255);&quot;&gt;&lt;br style=&quot;border: 0px solid rgb(210, 214, 220); color: rgb(75, 85, 99); font-family: Roboto, sans-serif; font-size: medium; background-color: rgb(255, 255, 255);&quot;&gt;&lt;span style=&quot;color: rgb(75, 85, 99); font-family: Roboto, sans-serif; font-size: medium; background-color: rgb(255, 255, 255);&quot;&gt;Milly is playful and social with male dogs and usually fine with non dominating females. She is better off leash than on, so introductions where leashes can be dropped after a short walk side by side is best practice.&lt;/span&gt;&lt;br style=&quot;border: 0px solid rgb(210, 214, 220); color: rgb(75, 85, 99); font-family: Roboto, sans-serif; font-size: medium; background-color: rgb(255, 255, 255);&quot;&gt;&lt;br style=&quot;border: 0px solid rgb(210, 214, 220); color: rgb(75, 85, 99); font-family: Roboto, sans-serif; font-size: medium; background-color: rgb(255, 255, 255);&quot;&gt;&lt;span style=&quot;color: rgb(75, 85, 99); font-family: Roboto, sans-serif; font-size: medium; background-color: rgb(255, 255, 255);&quot;&gt;Milly is a sweet big, girl waiting for her forever home. She would love to have a male dog companion to run and play with, she deserves a spacious area and a home life with understanding people. An adult-only home with Guardian Breed experience would be ideal, preferably with some land for her to roam, and protect. Milly will do well with someone who understands resource guarding and is comfortable and experienced with training. Milly is such a regal beauty, she can be silly as well as serious, she is not a first-time dog. She has a lot of joy in her, and has a lot of love to give.&lt;/span&gt;&lt;br&gt;&lt;/p&gt;', 1, '2022-08-08 07:30:40'),
(23, 1, 7, 'JULIP', '&lt;div class=&quot;field field-tax-ref-location inline&quot; style=&quot;color: rgb(99, 100, 102); font-family: &amp;quot;Open Sans&amp;quot;, sans-serif; font-size: 20px; letter-spacing: 0.48px; word-spacing: -0.2px;&quot;&gt;&lt;div class=&quot;field-label&quot; style=&quot;display: inline;&quot;&gt;Location&lt;/div&gt;&amp;nbsp;&lt;div class=&quot;field-content&quot; style=&quot;display: inline; font-weight: 700; color: rgb(61, 61, 62);&quot;&gt;Sanctuary (Kanab)&lt;/div&gt;&lt;/div&gt;&lt;div class=&quot;field field--name-field-animal-breed inline&quot; style=&quot;color: rgb(99, 100, 102); font-family: &amp;quot;Open Sans&amp;quot;, sans-serif; font-size: 20px; letter-spacing: 0.48px; word-spacing: -0.2px;&quot;&gt;&lt;div class=&quot;field-label&quot; style=&quot;display: inline;&quot;&gt;Looks like&lt;/div&gt;&amp;nbsp;&lt;div class=&quot;field-content&quot; style=&quot;display: inline; font-weight: 700; color: rgb(61, 61, 62);&quot;&gt;Parakeet - Other&lt;/div&gt;&lt;/div&gt;&lt;div class=&quot;field field--name-field-animal-color inline&quot; style=&quot;color: rgb(99, 100, 102); font-family: &amp;quot;Open Sans&amp;quot;, sans-serif; font-size: 20px; letter-spacing: 0.48px; word-spacing: -0.2px;&quot;&gt;&lt;div class=&quot;field-label&quot; style=&quot;display: inline;&quot;&gt;Color&lt;/div&gt;&amp;nbsp;&lt;div class=&quot;field-content&quot; style=&quot;display: inline; font-weight: 700; color: rgb(61, 61, 62);&quot;&gt;Green&lt;/div&gt;&lt;/div&gt;&lt;div class=&quot;field field--name-field-animal-sex inline&quot; style=&quot;color: rgb(99, 100, 102); font-family: &amp;quot;Open Sans&amp;quot;, sans-serif; font-size: 20px; letter-spacing: 0.48px; word-spacing: -0.2px;&quot;&gt;&lt;div class=&quot;field-label&quot; style=&quot;display: inline;&quot;&gt;Sex&lt;/div&gt;&amp;nbsp;&lt;div class=&quot;field-content&quot; style=&quot;display: inline; font-weight: 700; color: rgb(61, 61, 62);&quot;&gt;Female&lt;/div&gt;&lt;/div&gt;&lt;p&gt;&lt;span style=&quot;color: rgb(99, 100, 102); font-family: &amp;quot;Open Sans&amp;quot;, sans-serif; font-size: 18px; letter-spacing: 0.48px; word-spacing: -0.2px;&quot;&gt;Julip is a budgie, or budgerigar, who is looking for her new forever home. She prefers the company of other birds, so she would do best in an aviary situation or in a patient home that is willing to work her and a buddy.&amp;nbsp;&lt;/span&gt;&lt;br&gt;&lt;/p&gt;', 1, '2022-08-08 07:33:32'),
(24, 1, 7, 'QUINTUS 205', '&lt;div class=&quot;field field--name-field-animal-species&quot; style=&quot;font-weight: 700; color: rgb(61, 61, 62); font-family: &amp;quot;Open Sans&amp;quot;, sans-serif; font-size: 20px; letter-spacing: 0.48px; word-spacing: -0.2px;&quot;&gt;&lt;div class=&quot;field-content&quot;&gt;Bird&lt;/div&gt;&lt;/div&gt;&lt;div class=&quot;field field-tax-ref-location inline&quot; style=&quot;color: rgb(99, 100, 102); font-family: &amp;quot;Open Sans&amp;quot;, sans-serif; font-size: 20px; letter-spacing: 0.48px; word-spacing: -0.2px;&quot;&gt;&lt;div class=&quot;field-label&quot; style=&quot;display: inline;&quot;&gt;Location&lt;/div&gt;&amp;nbsp;&lt;div class=&quot;field-content&quot; style=&quot;display: inline; font-weight: 700; color: rgb(61, 61, 62);&quot;&gt;Sanctuary (Kanab)&lt;/div&gt;&lt;/div&gt;&lt;div class=&quot;field field--name-field-animal-breed inline&quot; style=&quot;color: rgb(99, 100, 102); font-family: &amp;quot;Open Sans&amp;quot;, sans-serif; font-size: 20px; letter-spacing: 0.48px; word-spacing: -0.2px;&quot;&gt;&lt;div class=&quot;field-label&quot; style=&quot;display: inline;&quot;&gt;Looks like&lt;/div&gt;&amp;nbsp;&lt;div class=&quot;field-content&quot; style=&quot;display: inline; font-weight: 700; color: rgb(61, 61, 62);&quot;&gt;Pigeon&lt;/div&gt;&lt;/div&gt;&lt;div class=&quot;field field--name-field-animal-color inline&quot; style=&quot;color: rgb(99, 100, 102); font-family: &amp;quot;Open Sans&amp;quot;, sans-serif; font-size: 20px; letter-spacing: 0.48px; word-spacing: -0.2px;&quot;&gt;&lt;div class=&quot;field-label&quot; style=&quot;display: inline;&quot;&gt;Color&lt;/div&gt;&amp;nbsp;&lt;div class=&quot;field-content&quot; style=&quot;display: inline; font-weight: 700; color: rgb(61, 61, 62);&quot;&gt;Blue&lt;/div&gt;&lt;div class=&quot;field-content&quot; style=&quot;display: inline; font-weight: 700; color: rgb(61, 61, 62);&quot;&gt;&lt;br&gt;&lt;/div&gt;&lt;div class=&quot;field-content&quot; style=&quot;display: inline; font-weight: 700; color: rgb(61, 61, 62);&quot;&gt;&lt;br&gt;&lt;/div&gt;&lt;div class=&quot;field-content&quot; style=&quot;display: inline; font-weight: 700; color: rgb(61, 61, 62);&quot;&gt;&lt;span style=&quot;color: rgb(99, 100, 102); font-size: 18px; letter-spacing: 0.48px; word-spacing: -0.2px; font-weight: 400;&quot;&gt;A lot about Quintus&#039; past is unknown. He was found by a good Samaritan after sustaining a wound on his chest and he was brought immediately to Wild Friends. His leg bands identified him as a domestic pigeon, but attempts to contact the owner were unsuccessful, so he joined our flock here! Quintus is a curious, sweet kid looking to join a backyard flock with some of his buddies.&lt;/span&gt;&lt;br&gt;&lt;/div&gt;&lt;/div&gt;', 1, '2022-08-08 07:35:22'),
(25, 1, 7, 'Tiki', '&lt;div class=&quot;field field--name-field-animal-species&quot; style=&quot;font-weight: 700; color: rgb(61, 61, 62); font-family: &amp;quot;Open Sans&amp;quot;, sans-serif; font-size: 20px; letter-spacing: 0.48px; word-spacing: -0.2px;&quot;&gt;&lt;div class=&quot;field-content&quot;&gt;Bird&lt;/div&gt;&lt;/div&gt;&lt;div class=&quot;field field-tax-ref-location inline&quot; style=&quot;color: rgb(99, 100, 102); font-family: &amp;quot;Open Sans&amp;quot;, sans-serif; font-size: 20px; letter-spacing: 0.48px; word-spacing: -0.2px;&quot;&gt;&lt;div class=&quot;field-label&quot; style=&quot;display: inline;&quot;&gt;Location&lt;/div&gt;&amp;nbsp;&lt;div class=&quot;field-content&quot; style=&quot;display: inline; font-weight: 700; color: rgb(61, 61, 62);&quot;&gt;Sanctuary (Kanab)&lt;/div&gt;&lt;/div&gt;&lt;div class=&quot;field field--name-field-animal-breed inline&quot; style=&quot;color: rgb(99, 100, 102); font-family: &amp;quot;Open Sans&amp;quot;, sans-serif; font-size: 20px; letter-spacing: 0.48px; word-spacing: -0.2px;&quot;&gt;&lt;div class=&quot;field-label&quot; style=&quot;display: inline;&quot;&gt;Looks like&lt;/div&gt;&amp;nbsp;&lt;div class=&quot;field-content&quot; style=&quot;display: inline; font-weight: 700; color: rgb(61, 61, 62);&quot;&gt;Macaw&lt;/div&gt;&lt;/div&gt;&lt;div class=&quot;field field--name-field-animal-color inline&quot; style=&quot;color: rgb(99, 100, 102); font-family: &amp;quot;Open Sans&amp;quot;, sans-serif; font-size: 20px; letter-spacing: 0.48px; word-spacing: -0.2px;&quot;&gt;&lt;div class=&quot;field-label&quot; style=&quot;display: inline;&quot;&gt;Color&lt;/div&gt;&amp;nbsp;&lt;div class=&quot;field-content&quot; style=&quot;display: inline; font-weight: 700; color: rgb(61, 61, 62);&quot;&gt;Blue&lt;/div&gt;&lt;/div&gt;&lt;div class=&quot;field field--name-field-animal-sex inline&quot; style=&quot;color: rgb(99, 100, 102); font-family: &amp;quot;Open Sans&amp;quot;, sans-serif; font-size: 20px; letter-spacing: 0.48px; word-spacing: -0.2px;&quot;&gt;&lt;div class=&quot;field-label&quot; style=&quot;display: inline;&quot;&gt;Sex&lt;/div&gt;&amp;nbsp;&lt;div class=&quot;field-content&quot; style=&quot;display: inline; font-weight: 700; color: rgb(61, 61, 62);&quot;&gt;Female&lt;/div&gt;&lt;div class=&quot;field-content&quot; style=&quot;display: inline; font-weight: 700; color: rgb(61, 61, 62);&quot;&gt;&lt;br&gt;&lt;/div&gt;&lt;/div&gt;&lt;div&gt;&lt;div class=&quot;field-content&quot; style=&quot;display: inline; font-weight: 700; color: rgb(61, 61, 62);&quot;&gt;&lt;br&gt;&lt;/div&gt;&lt;/div&gt;', 1, '2022-08-08 07:37:34'),
(26, 1, 7, 'IRWIN', '&lt;div class=&quot;field field-tax-ref-location inline&quot; style=&quot;color: rgb(99, 100, 102); font-family: &amp;quot;Open Sans&amp;quot;, sans-serif; font-size: 20px; letter-spacing: 0.48px; word-spacing: -0.2px;&quot;&gt;&lt;div class=&quot;field-label&quot; style=&quot;display: inline;&quot;&gt;Location&lt;/div&gt;&amp;nbsp;&lt;div class=&quot;field-content&quot; style=&quot;display: inline; font-weight: 700; color: rgb(61, 61, 62);&quot;&gt;Sanctuary (Kanab)&lt;/div&gt;&lt;/div&gt;&lt;div class=&quot;field field--name-field-animal-breed inline&quot; style=&quot;color: rgb(99, 100, 102); font-family: &amp;quot;Open Sans&amp;quot;, sans-serif; font-size: 20px; letter-spacing: 0.48px; word-spacing: -0.2px;&quot;&gt;&lt;div class=&quot;field-label&quot; style=&quot;display: inline;&quot;&gt;Looks like&lt;/div&gt;&amp;nbsp;&lt;div class=&quot;field-content&quot; style=&quot;display: inline; font-weight: 700; color: rgb(61, 61, 62);&quot;&gt;Cockatiel&lt;/div&gt;&lt;/div&gt;&lt;div class=&quot;field field--name-field-animal-color inline&quot; style=&quot;color: rgb(99, 100, 102); font-family: &amp;quot;Open Sans&amp;quot;, sans-serif; font-size: 20px; letter-spacing: 0.48px; word-spacing: -0.2px;&quot;&gt;&lt;div class=&quot;field-label&quot; style=&quot;display: inline;&quot;&gt;Color&lt;/div&gt;&amp;nbsp;&lt;div class=&quot;field-content&quot; style=&quot;display: inline; font-weight: 700; color: rgb(61, 61, 62);&quot;&gt;White&lt;/div&gt;&lt;/div&gt;&lt;div class=&quot;field field--name-field-animal-sex inline&quot; style=&quot;color: rgb(99, 100, 102); font-family: &amp;quot;Open Sans&amp;quot;, sans-serif; font-size: 20px; letter-spacing: 0.48px; word-spacing: -0.2px;&quot;&gt;&lt;div class=&quot;field-label&quot; style=&quot;display: inline;&quot;&gt;Sex&lt;/div&gt;&amp;nbsp;&lt;div class=&quot;field-content&quot; style=&quot;display: inline; font-weight: 700; color: rgb(61, 61, 62);&quot;&gt;Male&lt;/div&gt;&lt;div class=&quot;field-content&quot; style=&quot;display: inline; font-weight: 700; color: rgb(61, 61, 62);&quot;&gt;&lt;br&gt;&lt;/div&gt;&lt;div class=&quot;field-content&quot; style=&quot;display: inline; font-weight: 700; color: rgb(61, 61, 62);&quot;&gt;&lt;br&gt;&lt;/div&gt;&lt;/div&gt;&lt;div class=&quot;field field--name-field-animal-sex inline&quot; style=&quot;color: rgb(99, 100, 102); font-family: &amp;quot;Open Sans&amp;quot;, sans-serif; font-size: 20px; letter-spacing: 0.48px; word-spacing: -0.2px;&quot;&gt;&lt;div class=&quot;field-content&quot; style=&quot;display: inline; font-weight: 700; color: rgb(61, 61, 62);&quot;&gt;&lt;span style=&quot;color: rgb(99, 100, 102); font-size: 18px; font-weight: 400; letter-spacing: 0.48px; word-spacing: -0.2px;&quot;&gt;Irwin is a an adorable little bird, with an adorable little voice to match. He is still learning how to step up and hang out with people outside his cage, but is very friendly and eager to interact.&lt;/span&gt;&lt;br&gt;&lt;/div&gt;&lt;/div&gt;', 1, '2022-08-08 07:39:41'),
(27, 1, 7, 'TETRA', '&lt;div class=&quot;field field--name-field-animal-species&quot; style=&quot;font-weight: 700; color: rgb(61, 61, 62); font-family: &amp;quot;Open Sans&amp;quot;, sans-serif; font-size: 20px; letter-spacing: 0.48px; word-spacing: -0.2px;&quot;&gt;&lt;div class=&quot;field-content&quot;&gt;Bird&lt;/div&gt;&lt;/div&gt;&lt;div class=&quot;field field-tax-ref-location inline&quot; style=&quot;color: rgb(99, 100, 102); font-family: &amp;quot;Open Sans&amp;quot;, sans-serif; font-size: 20px; letter-spacing: 0.48px; word-spacing: -0.2px;&quot;&gt;&lt;div class=&quot;field-label&quot; style=&quot;display: inline;&quot;&gt;Location&lt;/div&gt;&amp;nbsp;&lt;div class=&quot;field-content&quot; style=&quot;display: inline; font-weight: 700; color: rgb(61, 61, 62);&quot;&gt;Sanctuary (Kanab)&lt;/div&gt;&lt;/div&gt;&lt;div class=&quot;field field--name-field-animal-breed inline&quot; style=&quot;color: rgb(99, 100, 102); font-family: &amp;quot;Open Sans&amp;quot;, sans-serif; font-size: 20px; letter-spacing: 0.48px; word-spacing: -0.2px;&quot;&gt;&lt;div class=&quot;field-label&quot; style=&quot;display: inline;&quot;&gt;Looks like&lt;/div&gt;&amp;nbsp;&lt;div class=&quot;field-content&quot; style=&quot;display: inline; font-weight: 700; color: rgb(61, 61, 62);&quot;&gt;African Grey&lt;/div&gt;&lt;/div&gt;&lt;div class=&quot;field field--name-field-animal-color inline&quot; style=&quot;color: rgb(99, 100, 102); font-family: &amp;quot;Open Sans&amp;quot;, sans-serif; font-size: 20px; letter-spacing: 0.48px; word-spacing: -0.2px;&quot;&gt;&lt;div class=&quot;field-label&quot; style=&quot;display: inline;&quot;&gt;Color&lt;/div&gt;&amp;nbsp;&lt;div class=&quot;field-content&quot; style=&quot;display: inline; font-weight: 700; color: rgb(61, 61, 62);&quot;&gt;Gray&lt;/div&gt;&lt;div class=&quot;field-content&quot; style=&quot;display: inline; font-weight: 700; color: rgb(61, 61, 62);&quot;&gt;&lt;br&gt;&lt;/div&gt;&lt;div class=&quot;field-content&quot; style=&quot;display: inline; font-weight: 700; color: rgb(61, 61, 62);&quot;&gt;&lt;span style=&quot;color: rgb(99, 100, 102); font-size: 18px; font-weight: 400; letter-spacing: 0.48px; word-spacing: -0.2px;&quot;&gt;Tetra is cautious but curious, and absolutely loves toys. We are still getting to know about Tetra&#039;s personality , but she definitely has a playful side, and will need a constant supply of shreddable toys to have fun with.&amp;nbsp;&lt;/span&gt;&lt;br&gt;&lt;/div&gt;&lt;/div&gt;', 1, '2022-08-08 07:41:16'),
(28, 1, 7, 'BUTTONS', '&lt;div class=&quot;field field-tax-ref-location inline&quot; style=&quot;color: rgb(99, 100, 102); font-family: &amp;quot;Open Sans&amp;quot;, sans-serif; font-size: 20px; letter-spacing: 0.48px; word-spacing: -0.2px;&quot;&gt;&lt;div class=&quot;field-label&quot; style=&quot;display: inline;&quot;&gt;Location&lt;/div&gt;&amp;nbsp;&lt;div class=&quot;field-content&quot; style=&quot;display: inline; font-weight: 700; color: rgb(61, 61, 62);&quot;&gt;Sanctuary (Kanab)&lt;/div&gt;&lt;/div&gt;&lt;div class=&quot;field field--name-field-animal-breed inline&quot; style=&quot;color: rgb(99, 100, 102); font-family: &amp;quot;Open Sans&amp;quot;, sans-serif; font-size: 20px; letter-spacing: 0.48px; word-spacing: -0.2px;&quot;&gt;&lt;div class=&quot;field-label&quot; style=&quot;display: inline;&quot;&gt;Looks like&lt;/div&gt;&amp;nbsp;&lt;div class=&quot;field-content&quot; style=&quot;display: inline; font-weight: 700; color: rgb(61, 61, 62);&quot;&gt;Macaw&lt;/div&gt;&lt;/div&gt;&lt;div class=&quot;field field--name-field-animal-color inline&quot; style=&quot;color: rgb(99, 100, 102); font-family: &amp;quot;Open Sans&amp;quot;, sans-serif; font-size: 20px; letter-spacing: 0.48px; word-spacing: -0.2px;&quot;&gt;&lt;div class=&quot;field-label&quot; style=&quot;display: inline;&quot;&gt;Color&lt;/div&gt;&amp;nbsp;&lt;div class=&quot;field-content&quot; style=&quot;display: inline; font-weight: 700; color: rgb(61, 61, 62);&quot;&gt;Red&lt;/div&gt;&lt;div class=&quot;field-content&quot; style=&quot;display: inline; font-weight: 700; color: rgb(61, 61, 62);&quot;&gt;&lt;br&gt;&lt;/div&gt;&lt;div class=&quot;field-content&quot; style=&quot;display: inline; font-weight: 700; color: rgb(61, 61, 62);&quot;&gt;&lt;span style=&quot;color: rgb(99, 100, 102); font-size: 18px; font-weight: 400; letter-spacing: 0.48px; word-spacing: -0.2px;&quot;&gt;Buttons is friendly, chatty, and social. She is shy meeting new people but once she considers you a friend, Buttons wants to be the center of attention. Buttons would do best in a home who wants a buddy to do everything with. Because she is still learning to show confidence in new situations, Buttons would do best in a calmer household.&lt;/span&gt;&lt;br&gt;&lt;/div&gt;&lt;/div&gt;', 1, '2022-08-08 07:43:00'),
(29, 1, 7, 'MOBY', '&lt;div class=&quot;field field--name-field-animal-species&quot; style=&quot;font-weight: 700; color: rgb(61, 61, 62); font-family: &amp;quot;Open Sans&amp;quot;, sans-serif; font-size: 20px; letter-spacing: 0.48px; word-spacing: -0.2px;&quot;&gt;&lt;div class=&quot;field-content&quot;&gt;Bird&lt;/div&gt;&lt;/div&gt;&lt;div class=&quot;field field-tax-ref-location inline&quot; style=&quot;color: rgb(99, 100, 102); font-family: &amp;quot;Open Sans&amp;quot;, sans-serif; font-size: 20px; letter-spacing: 0.48px; word-spacing: -0.2px;&quot;&gt;&lt;div class=&quot;field-label&quot; style=&quot;display: inline;&quot;&gt;Location&lt;/div&gt;&amp;nbsp;&lt;div class=&quot;field-content&quot; style=&quot;display: inline; font-weight: 700; color: rgb(61, 61, 62);&quot;&gt;Sanctuary (Kanab)&lt;/div&gt;&lt;/div&gt;&lt;div class=&quot;field field--name-field-animal-breed inline&quot; style=&quot;color: rgb(99, 100, 102); font-family: &amp;quot;Open Sans&amp;quot;, sans-serif; font-size: 20px; letter-spacing: 0.48px; word-spacing: -0.2px;&quot;&gt;&lt;div class=&quot;field-label&quot; style=&quot;display: inline;&quot;&gt;Looks like&lt;/div&gt;&amp;nbsp;&lt;div class=&quot;field-content&quot; style=&quot;display: inline; font-weight: 700; color: rgb(61, 61, 62);&quot;&gt;Conure&lt;/div&gt;&lt;/div&gt;&lt;div class=&quot;field field--name-field-animal-color inline&quot; style=&quot;color: rgb(99, 100, 102); font-family: &amp;quot;Open Sans&amp;quot;, sans-serif; font-size: 20px; letter-spacing: 0.48px; word-spacing: -0.2px;&quot;&gt;&lt;div class=&quot;field-label&quot; style=&quot;display: inline;&quot;&gt;Color&lt;/div&gt;&amp;nbsp;&lt;div class=&quot;field-content&quot; style=&quot;display: inline; font-weight: 700; color: rgb(61, 61, 62);&quot;&gt;Yellow&lt;/div&gt;&lt;/div&gt;&lt;div&gt;&lt;div class=&quot;field-content&quot; style=&quot;display: inline; font-weight: 700; color: rgb(61, 61, 62);&quot;&gt;&lt;br&gt;&lt;/div&gt;&lt;/div&gt;', 1, '2022-08-08 07:44:38'),
(30, 1, 7, 'PENNY', '&lt;div class=&quot;field field-tax-ref-location inline&quot; style=&quot;color: rgb(99, 100, 102); font-family: &amp;quot;Open Sans&amp;quot;, sans-serif; font-size: 20px; letter-spacing: 0.48px; word-spacing: -0.2px;&quot;&gt;&lt;div class=&quot;field-label&quot; style=&quot;display: inline;&quot;&gt;Location&lt;/div&gt;&amp;nbsp;&lt;div class=&quot;field-content&quot; style=&quot;display: inline; font-weight: 700; color: rgb(61, 61, 62);&quot;&gt;Sanctuary (Kanab)&lt;/div&gt;&lt;/div&gt;&lt;div class=&quot;field field--name-field-animal-breed inline&quot; style=&quot;color: rgb(99, 100, 102); font-family: &amp;quot;Open Sans&amp;quot;, sans-serif; font-size: 20px; letter-spacing: 0.48px; word-spacing: -0.2px;&quot;&gt;&lt;div class=&quot;field-label&quot; style=&quot;display: inline;&quot;&gt;Looks like&lt;/div&gt;&amp;nbsp;&lt;div class=&quot;field-content&quot; style=&quot;display: inline; font-weight: 700; color: rgb(61, 61, 62);&quot;&gt;Conure&lt;/div&gt;&lt;/div&gt;&lt;div class=&quot;field field--name-field-animal-color inline&quot; style=&quot;color: rgb(99, 100, 102); font-family: &amp;quot;Open Sans&amp;quot;, sans-serif; font-size: 20px; letter-spacing: 0.48px; word-spacing: -0.2px;&quot;&gt;&lt;div class=&quot;field-label&quot; style=&quot;display: inline;&quot;&gt;Color&lt;/div&gt;&amp;nbsp;&lt;div class=&quot;field-content&quot; style=&quot;display: inline; font-weight: 700; color: rgb(61, 61, 62);&quot;&gt;Green&lt;/div&gt;&lt;div class=&quot;field-content&quot; style=&quot;display: inline; font-weight: 700; color: rgb(61, 61, 62);&quot;&gt;&lt;br&gt;&lt;/div&gt;&lt;div class=&quot;field-content&quot; style=&quot;display: inline; font-weight: 700; color: rgb(61, 61, 62);&quot;&gt;&lt;span style=&quot;color: rgb(99, 100, 102); font-size: 18px; font-weight: 400; letter-spacing: 0.48px; word-spacing: -0.2px;&quot;&gt;Penny is a healthy Peach-Fronted Conure waiting for her forever home. She prefers the company of other birds best and would make a wonderful addition to any aviary flock.&lt;/span&gt;&lt;br&gt;&lt;/div&gt;&lt;/div&gt;', 1, '2022-08-08 07:46:36'),
(31, 1, 7, 'STARLORD', '&lt;div class=&quot;field field-tax-ref-location inline&quot; style=&quot;color: rgb(99, 100, 102); font-family: &amp;quot;Open Sans&amp;quot;, sans-serif; font-size: 20px; letter-spacing: 0.48px; word-spacing: -0.2px;&quot;&gt;&lt;div class=&quot;field-label&quot; style=&quot;display: inline;&quot;&gt;Location&lt;/div&gt;&amp;nbsp;&lt;div class=&quot;field-content&quot; style=&quot;display: inline; font-weight: 700; color: rgb(61, 61, 62);&quot;&gt;Sanctuary (Kanab)&lt;/div&gt;&lt;/div&gt;&lt;div class=&quot;field field--name-field-animal-breed inline&quot; style=&quot;color: rgb(99, 100, 102); font-family: &amp;quot;Open Sans&amp;quot;, sans-serif; font-size: 20px; letter-spacing: 0.48px; word-spacing: -0.2px;&quot;&gt;&lt;div class=&quot;field-label&quot; style=&quot;display: inline;&quot;&gt;Looks like&lt;/div&gt;&amp;nbsp;&lt;div class=&quot;field-content&quot; style=&quot;display: inline; font-weight: 700; color: rgb(61, 61, 62);&quot;&gt;Cockatiel&lt;/div&gt;&lt;/div&gt;&lt;div class=&quot;field field--name-field-animal-color inline&quot; style=&quot;color: rgb(99, 100, 102); font-family: &amp;quot;Open Sans&amp;quot;, sans-serif; font-size: 20px; letter-spacing: 0.48px; word-spacing: -0.2px;&quot;&gt;&lt;div class=&quot;field-label&quot; style=&quot;display: inline;&quot;&gt;Color&lt;/div&gt;&amp;nbsp;&lt;div class=&quot;field-content&quot; style=&quot;display: inline; font-weight: 700; color: rgb(61, 61, 62);&quot;&gt;White&lt;/div&gt;&lt;div class=&quot;field-content&quot; style=&quot;display: inline; font-weight: 700; color: rgb(61, 61, 62);&quot;&gt;&lt;br&gt;&lt;/div&gt;&lt;div class=&quot;field-content&quot; style=&quot;display: inline; font-weight: 700; color: rgb(61, 61, 62);&quot;&gt;&lt;br&gt;&lt;/div&gt;&lt;div class=&quot;field-content&quot; style=&quot;display: inline; font-weight: 700; color: rgb(61, 61, 62);&quot;&gt;&lt;span style=&quot;color: rgb(99, 100, 102); font-size: 18px; font-weight: 400; letter-spacing: 0.48px; word-spacing: -0.2px;&quot;&gt;Starlord is a gorgeous cockatiel with a voice to match! Starlord is still learning to trust humans but with patience and love, he will thrive in a home.&lt;/span&gt;&lt;br&gt;&lt;/div&gt;&lt;/div&gt;', 1, '2022-08-08 07:48:08'),
(32, 1, 7, 'THOR', '&lt;div class=&quot;field field-tax-ref-location inline&quot; style=&quot;color: rgb(99, 100, 102); font-family: &amp;quot;Open Sans&amp;quot;, sans-serif; font-size: 20px; letter-spacing: 0.48px; word-spacing: -0.2px;&quot;&gt;&lt;div class=&quot;field-label&quot; style=&quot;display: inline;&quot;&gt;Location&lt;/div&gt;&amp;nbsp;&lt;div class=&quot;field-content&quot; style=&quot;display: inline; font-weight: 700; color: rgb(61, 61, 62);&quot;&gt;Sanctuary (Kanab)&lt;/div&gt;&lt;/div&gt;&lt;div class=&quot;field field--name-field-animal-breed inline&quot; style=&quot;color: rgb(99, 100, 102); font-family: &amp;quot;Open Sans&amp;quot;, sans-serif; font-size: 20px; letter-spacing: 0.48px; word-spacing: -0.2px;&quot;&gt;&lt;div class=&quot;field-label&quot; style=&quot;display: inline;&quot;&gt;Looks like&lt;/div&gt;&amp;nbsp;&lt;div class=&quot;field-content&quot; style=&quot;display: inline; font-weight: 700; color: rgb(61, 61, 62);&quot;&gt;Cockatiel&lt;/div&gt;&lt;/div&gt;&lt;div class=&quot;field field--name-field-animal-color inline&quot; style=&quot;color: rgb(99, 100, 102); font-family: &amp;quot;Open Sans&amp;quot;, sans-serif; font-size: 20px; letter-spacing: 0.48px; word-spacing: -0.2px;&quot;&gt;&lt;div class=&quot;field-label&quot; style=&quot;display: inline;&quot;&gt;Color&lt;/div&gt;&amp;nbsp;&lt;div class=&quot;field-content&quot; style=&quot;display: inline; font-weight: 700; color: rgb(61, 61, 62);&quot;&gt;Gray&lt;/div&gt;&lt;/div&gt;&lt;div class=&quot;field field--name-field-animal-sex inline&quot; style=&quot;color: rgb(99, 100, 102); font-family: &amp;quot;Open Sans&amp;quot;, sans-serif; font-size: 20px; letter-spacing: 0.48px; word-spacing: -0.2px;&quot;&gt;&lt;div class=&quot;field-label&quot; style=&quot;display: inline;&quot;&gt;Sex&lt;/div&gt;&amp;nbsp;&lt;div class=&quot;field-content&quot; style=&quot;display: inline; font-weight: 700; color: rgb(61, 61, 62);&quot;&gt;Male&lt;/div&gt;&lt;div class=&quot;field-content&quot; style=&quot;display: inline; font-weight: 700; color: rgb(61, 61, 62);&quot;&gt;&lt;br&gt;&lt;/div&gt;&lt;div class=&quot;field-content&quot; style=&quot;display: inline; font-weight: 700; color: rgb(61, 61, 62);&quot;&gt;&lt;span style=&quot;color: rgb(99, 100, 102); font-size: 18px; font-weight: 400; letter-spacing: 0.48px; word-spacing: -0.2px;&quot;&gt;Hello, I&#039;m Thor! I am a healthy cockatiel just waiting to find my forever home. I&#039;m quiet, curious, and I&#039;d love to spread my wings in an aviary. Because I am still learning to trust humans, I would do best living with other cockatiels.&lt;/span&gt;&lt;br&gt;&lt;/div&gt;&lt;/div&gt;', 1, '2022-08-08 07:52:32'),
(33, 1, 7, 'JONNY TSUNAMI', '&lt;div class=&quot;field field-tax-ref-location inline&quot; style=&quot;color: rgb(99, 100, 102); font-family: &amp;quot;Open Sans&amp;quot;, sans-serif; font-size: 20px; letter-spacing: 0.48px; word-spacing: -0.2px;&quot;&gt;&lt;div class=&quot;field-label&quot; style=&quot;display: inline;&quot;&gt;Location&lt;/div&gt;&amp;nbsp;&lt;div class=&quot;field-content&quot; style=&quot;display: inline; font-weight: 700; color: rgb(61, 61, 62);&quot;&gt;Sanctuary (Kanab)&lt;/div&gt;&lt;/div&gt;&lt;div class=&quot;field field--name-field-animal-breed inline&quot; style=&quot;color: rgb(99, 100, 102); font-family: &amp;quot;Open Sans&amp;quot;, sans-serif; font-size: 20px; letter-spacing: 0.48px; word-spacing: -0.2px;&quot;&gt;&lt;div class=&quot;field-label&quot; style=&quot;display: inline;&quot;&gt;Looks like&lt;/div&gt;&amp;nbsp;&lt;div class=&quot;field-content&quot; style=&quot;display: inline; font-weight: 700; color: rgb(61, 61, 62);&quot;&gt;Parakeet - Other&lt;/div&gt;&lt;/div&gt;&lt;div class=&quot;field field--name-field-animal-color inline&quot; style=&quot;color: rgb(99, 100, 102); font-family: &amp;quot;Open Sans&amp;quot;, sans-serif; font-size: 20px; letter-spacing: 0.48px; word-spacing: -0.2px;&quot;&gt;&lt;div class=&quot;field-label&quot; style=&quot;display: inline;&quot;&gt;Color&lt;/div&gt;&amp;nbsp;&lt;div class=&quot;field-content&quot; style=&quot;display: inline; font-weight: 700; color: rgb(61, 61, 62);&quot;&gt;Blue&lt;/div&gt;&lt;/div&gt;&lt;div class=&quot;field field--name-field-animal-sex inline&quot; style=&quot;color: rgb(99, 100, 102); font-family: &amp;quot;Open Sans&amp;quot;, sans-serif; font-size: 20px; letter-spacing: 0.48px; word-spacing: -0.2px;&quot;&gt;&lt;div class=&quot;field-label&quot; style=&quot;display: inline;&quot;&gt;Sex&lt;/div&gt;&amp;nbsp;&lt;div class=&quot;field-content&quot; style=&quot;display: inline; font-weight: 700; color: rgb(61, 61, 62);&quot;&gt;Male&lt;/div&gt;&lt;div class=&quot;field-content&quot; style=&quot;display: inline; font-weight: 700; color: rgb(61, 61, 62);&quot;&gt;&lt;br&gt;&lt;/div&gt;&lt;div class=&quot;field-content&quot; style=&quot;display: inline; font-weight: 700; color: rgb(61, 61, 62);&quot;&gt;&lt;span style=&quot;color: rgb(99, 100, 102); font-size: 18px; font-weight: 400; letter-spacing: 0.48px; word-spacing: -0.2px;&quot;&gt;We are still getting to know Jonny Tsunami, and waiting for him to settle in and let his personality show. He is shy guy, who likes his personal space and needs a calm, quiet environment to feel at ease.&lt;/span&gt;&lt;br&gt;&lt;/div&gt;&lt;/div&gt;', 1, '2022-08-08 07:54:35');
INSERT INTO `products` (`id`, `category_id`, `sub_category_id`, `product_name`, `description`, `status`, `date_created`) VALUES
(34, 1, 7, 'COUSCOUS', '&lt;div class=&quot;field field-tax-ref-location inline&quot; style=&quot;color: rgb(99, 100, 102); font-family: &amp;quot;Open Sans&amp;quot;, sans-serif; font-size: 20px; letter-spacing: 0.48px; word-spacing: -0.2px;&quot;&gt;&lt;div class=&quot;field-label&quot; style=&quot;display: inline;&quot;&gt;Location&lt;/div&gt;&amp;nbsp;&lt;div class=&quot;field-content&quot; style=&quot;display: inline; font-weight: 700; color: rgb(61, 61, 62);&quot;&gt;Sanctuary (Kanab)&lt;/div&gt;&lt;/div&gt;&lt;div class=&quot;field field--name-field-animal-breed inline&quot; style=&quot;color: rgb(99, 100, 102); font-family: &amp;quot;Open Sans&amp;quot;, sans-serif; font-size: 20px; letter-spacing: 0.48px; word-spacing: -0.2px;&quot;&gt;&lt;div class=&quot;field-label&quot; style=&quot;display: inline;&quot;&gt;Looks like&lt;/div&gt;&amp;nbsp;&lt;div class=&quot;field-content&quot; style=&quot;display: inline; font-weight: 700; color: rgb(61, 61, 62);&quot;&gt;Parakeet - Other&lt;/div&gt;&lt;/div&gt;&lt;div class=&quot;field field--name-field-animal-color inline&quot; style=&quot;color: rgb(99, 100, 102); font-family: &amp;quot;Open Sans&amp;quot;, sans-serif; font-size: 20px; letter-spacing: 0.48px; word-spacing: -0.2px;&quot;&gt;&lt;div class=&quot;field-label&quot; style=&quot;display: inline;&quot;&gt;Color&lt;/div&gt;&amp;nbsp;&lt;div class=&quot;field-content&quot; style=&quot;display: inline; font-weight: 700; color: rgb(61, 61, 62);&quot;&gt;Blue&lt;/div&gt;&lt;/div&gt;&lt;div class=&quot;field field--name-field-animal-sex inline&quot; style=&quot;color: rgb(99, 100, 102); font-family: &amp;quot;Open Sans&amp;quot;, sans-serif; font-size: 20px; letter-spacing: 0.48px; word-spacing: -0.2px;&quot;&gt;&lt;div class=&quot;field-label&quot; style=&quot;display: inline;&quot;&gt;Sex&lt;/div&gt;&amp;nbsp;&lt;div class=&quot;field-content&quot; style=&quot;display: inline; font-weight: 700; color: rgb(61, 61, 62);&quot;&gt;Male&lt;/div&gt;&lt;div class=&quot;field-content&quot; style=&quot;display: inline; font-weight: 700; color: rgb(61, 61, 62);&quot;&gt;&lt;br&gt;&lt;/div&gt;&lt;div class=&quot;field-content&quot; style=&quot;display: inline; font-weight: 700; color: rgb(61, 61, 62);&quot;&gt;&lt;span style=&quot;color: rgb(99, 100, 102); font-size: 18px; font-weight: 400; letter-spacing: 0.48px; word-spacing: -0.2px;&quot;&gt;Couscous is a budgie, or budgerigar, who is looking for his new forever home. He prefers the company of other birds, especially his bonded buddy Quinoa, so he would do best in an aviary situation or in a patient home that is willing to work with him and Quinoa.&amp;nbsp;&lt;/span&gt;&lt;br&gt;&lt;/div&gt;&lt;/div&gt;', 1, '2022-08-08 07:55:43'),
(40, 1, 1, 'yeontan', '&lt;p&gt;&lt;b&gt;Parasites:&lt;/b&gt;&lt;/p&gt;&lt;p&gt;The good news about parasites is that most are easily preventable. The bad news is that they can be serious, contagious to humans and other pets, and have serious health and even fatal consequences, especially for kittens.&lt;/p&gt;&lt;p&gt;&lt;span style=&quot;font-size: 1rem;&quot;&gt;1. Intestinal (GI) worms and protozoa can cause weight loss, a pronounced pot-bellied appearance, vomiting, diarrhea, dehydration and may or may not affect a kitten&rsquo;s appetite. They are often diagnosed via fecal floatation and require specific treatment for the specific type of parasite. Sometimes, worms are evident in the kitten&rsquo;s stool, but oftentimes, your vet must look for eggs or protozoa under the microscope.&lt;/span&gt;&lt;br&gt;&lt;/p&gt;&lt;p&gt;&lt;span style=&quot;font-size: 1rem;&quot;&gt;For more information on individual worms that are common in cats and kittens, check out our article, How to Treat and Prevent Intestinal Parasites in Cats.&lt;/span&gt;&lt;br&gt;&lt;/p&gt;&lt;p&gt;&lt;span style=&quot;font-size: 1rem;&quot;&gt;2. Fleas and ear mites are more readily apparent as they are considered external parasites. Washing your cat with a mild shampoo like Dawn dish soap diluted in water and using a flea comb can help remove fleas from the coat. Frequent vacuuming and laundering of bedding helps to remove the eggs from the environment.&lt;/span&gt;&lt;br&gt;&lt;/p&gt;&lt;p&gt;&lt;span style=&quot;font-size: 1rem;&quot;&gt;Ear mites, which can appear as black debris and itchy ears, require an ear swab to be accurately diagnosed and treated by your vet. It&rsquo;s important that you not put anything into your cat&rsquo;s ears unless directed by your vet.&lt;/span&gt;&lt;br&gt;&lt;/p&gt;&lt;p&gt;&lt;span style=&quot;font-size: 1rem;&quot;&gt;Depending on your kitten&rsquo;s age, they may be able to start a heartworm/flea prevention. Remember, though, these require repeated use every month to fully eradicate fleas and other parasites and keep your cat healthy. Yes, indoor cats should be on prevention too.&lt;/span&gt;&lt;br&gt;&lt;/p&gt;&lt;p&gt;&lt;span style=&quot;font-size: 1rem;&quot;&gt;&lt;b&gt;Ringworm:&lt;/b&gt;&lt;/span&gt;&lt;br&gt;&lt;/p&gt;&lt;p&gt;Ringworm is a fungal infection that is contagious to humans and other animals. It can occur at any age but seems to be more common in kittens. It can appear as hair loss and scaly, itchy skin especially on the ears, but location and itchiness can vary. Your vet may want to run a fungal culture, skin scrape, or use a black light to identify and diagnose it properly. Anti-fungals are required for the treatment of ringworm.&lt;/p&gt;&lt;p&gt;&lt;span style=&quot;font-size: 1rem;&quot;&gt;&lt;b&gt;Diabetes in Cats:&lt;/b&gt;&lt;/span&gt;&lt;br&gt;&lt;/p&gt;&lt;p&gt;Diabetes mellitus is a disease that can often be prevented through weight management. We know that obese cats are at greater risk of developing diabetes.&lt;/p&gt;&lt;p&gt;&lt;span style=&quot;font-size: 1rem;&quot;&gt;Diabetes is a disease that either affects insulin production or response. This causes the blood sugar to stay in the blood rather than going to the brain, muscles, and other tissues that need the sugar for energy. Diabetic cats often have a voracious appetite but lose weight, drink and urinate more, and often have vomiting and diarrhea.&lt;/span&gt;&lt;br&gt;&lt;/p&gt;&lt;p&gt;&lt;span style=&quot;font-size: 1rem;&quot;&gt;Diabetes is diagnosed through blood work, including a blood glucose curve and fructosamine tests. Management is via diet, weight management, and insulin injections. This disease can increase the frequency of urinary tract infections as excess sugar in the blood tends to spill over into the urine. Sugar in the urine creates a food source for bacteria to thrive. Your vet may recommend routine urine tests (urinalysis) to monitor for infection&lt;/span&gt;&lt;br&gt;&lt;/p&gt;&lt;p&gt;&lt;span style=&quot;font-size: 1rem;&quot;&gt;&lt;b&gt;Dental Disease in Cats:&lt;/b&gt;&lt;/span&gt;&lt;br&gt;&lt;/p&gt;&lt;p&gt;Cat Dental Health&lt;/p&gt;&lt;p&gt;Dental disease is something that can be more difficult for cat owners to monitor, especially if your cat doesn&rsquo;t like having his face or mouth touched. Beginning to brush a cat&rsquo;s teeth when they are young can help slow the progression of dental disease. Signs of dental disease include bad breath, decreased interest in food, rubbing the face, squinting, or facial swelling on one side of the face. The best way to maintain good oral hygiene is to brush your cat&rsquo;s teeth and keep up to date with routine dental cleanings, which your vet does under general anesthesia.&lt;/p&gt;&lt;p&gt;&lt;span style=&quot;font-size: 1rem;&quot;&gt;&lt;b&gt;Chronic Kidney Disease:&lt;/b&gt;&lt;/span&gt;&lt;br&gt;&lt;/p&gt;&lt;p&gt;Chronic kidney disease (CKD) unfortunately, tends to be more common in cats as they age. The kidneys flush out toxins and help with red blood cell production and regulation of our electrolytes. As the kidneys lose their ability to function, symptoms include increased thirst and urination, vomiting, diarrhea, decreased appetite, weight loss, and in later stages can cause neurological problems and ulcers in the mouth and intestinal tract.&lt;/p&gt;&lt;p&gt;&lt;span style=&quot;font-size: 1rem;&quot;&gt;Your veterinarian will need to run blood work, a urinalysis, and possibly x-rays or an ultrasound to properly identify kidney disease. There is a test called the SDMA test which is more sensitive and can detect the early stages of the disease. Catching kidney dysfunction early is important in helping your cat live a longer, healthier life. Kidney disease cannot be cured but it can be managed with the proper diet and supportive care such as fluids.&lt;/span&gt;&lt;br&gt;&lt;/p&gt;&lt;p&gt;&lt;b style=&quot;font-size: 1rem;&quot;&gt;Hyperthyroidism in Cats:&lt;/b&gt;&lt;br&gt;&lt;/p&gt;&lt;p&gt;Hyperthyroidism is an endocrine disease that can also cause vomiting, diarrhea, increased thirst, urination, and activity along with weight loss despite an increased appetite. The thyroid is sometimes called the master gland as it regulates metabolism. An overactive or &ldquo;hyper&rdquo; thyroid can also affect heart rate and blood pressure which can, in turn, affect the kidneys, heart, and eyes.&lt;/p&gt;&lt;p&gt;&lt;span style=&quot;font-size: 1rem;&quot;&gt;It is important to see your vet if you see any of the symptoms above, as hyperthyroidism can be managed with medications that suppress thyroid function, diet, irradiation of the thyroid, surgery, and blood pressure medications. Hyperthyroidism is diagnosed with blood work, including a thyroid test and blood pressure check. Left untreated, hyperthyroidism can cause damage to the heart, blindness, and lead to kidney failure.&lt;/span&gt;&lt;br&gt;&lt;/p&gt;', 1, '2022-08-09 23:55:27');

-- --------------------------------------------------------

--
-- Table structure for table `sales`
--

CREATE TABLE `sales` (
  `id` int(30) NOT NULL,
  `order_id` int(30) NOT NULL,
  `total_amount` double NOT NULL,
  `date_created` datetime NOT NULL DEFAULT current_timestamp()
) ENGINE=InnoDB DEFAULT CHARSET=utf8mb4;

--
-- Dumping data for table `sales`
--

INSERT INTO `sales` (`id`, `order_id`, `total_amount`, `date_created`) VALUES
(1, 1, 1100, '2021-06-22 13:48:54'),
(2, 2, 750, '2021-06-22 15:26:07'),
(4, 4, 150, '2022-08-06 21:27:28'),
(5, 5, 250, '2022-08-07 17:19:56');

-- --------------------------------------------------------

--
-- Table structure for table `sizes`
--

CREATE TABLE `sizes` (
  `id` int(30) NOT NULL,
  `size` varchar(250) NOT NULL
) ENGINE=InnoDB DEFAULT CHARSET=utf8mb4;

--
-- Dumping data for table `sizes`
--

INSERT INTO `sizes` (`id`, `size`) VALUES
(1, 'xs'),
(2, 's'),
(3, 'm'),
(4, 'l'),
(5, 'xl'),
(6, 'None');

-- --------------------------------------------------------

--
-- Table structure for table `sub_categories`
--

CREATE TABLE `sub_categories` (
  `id` int(30) NOT NULL,
  `parent_id` int(30) NOT NULL,
  `sub_category` varchar(250) NOT NULL,
  `description` text NOT NULL,
  `status` tinyint(1) NOT NULL DEFAULT 1,
  `date_created` datetime NOT NULL DEFAULT current_timestamp()
) ENGINE=InnoDB DEFAULT CHARSET=utf8mb4;

--
-- Dumping data for table `sub_categories`
--

INSERT INTO `sub_categories` (`id`, `parent_id`, `sub_category`, `description`, `status`, `date_created`) VALUES
(1, 1, 'Adopt Dog', 'Adopt a dog.', 1, '2021-06-21 10:58:32'),
(2, 1, 'Adopt cat', 'Adopt a cat.', 1, '2021-06-21 16:35:26'),
(7, 1, 'Adopt Bird', '&lt;p&gt;Adopt a bird&lt;/p&gt;', 1, '2022-08-08 07:29:44');

-- --------------------------------------------------------

--
-- Table structure for table `system_info`
--

CREATE TABLE `system_info` (
  `id` int(30) NOT NULL,
  `meta_field` text NOT NULL,
  `meta_value` text NOT NULL
) ENGINE=InnoDB DEFAULT CHARSET=utf8mb4;

--
-- Dumping data for table `system_info`
--

INSERT INTO `system_info` (`id`, `meta_field`, `meta_value`) VALUES
(1, 'name', 'Animal Squad'),
(6, 'short_name', 'Animal Squad'),
(11, 'logo', 'uploads/1624240440_paw.png'),
(13, 'user_avatar', 'uploads/user_avatar.jpg'),
(14, 'cover', 'uploads/1659872820_adoptapet.jpg');

-- --------------------------------------------------------

--
-- Table structure for table `users`
--

CREATE TABLE `users` (
  `id` int(50) NOT NULL,
  `firstname` varchar(250) NOT NULL,
  `lastname` varchar(250) NOT NULL,
  `username` text NOT NULL,
  `password` text NOT NULL,
  `avatar` text DEFAULT NULL,
  `last_login` datetime DEFAULT NULL,
  `type` tinyint(1) NOT NULL DEFAULT 0,
  `date_added` datetime NOT NULL DEFAULT current_timestamp(),
  `date_updated` datetime DEFAULT NULL ON UPDATE current_timestamp()
) ENGINE=InnoDB DEFAULT CHARSET=utf8mb4;

--
-- Dumping data for table `users`
--

INSERT INTO `users` (`id`, `firstname`, `lastname`, `username`, `password`, `avatar`, `last_login`, `type`, `date_added`, `date_updated`) VALUES
(1, 'Adminstrator', 'Admin', 'admin', '0192023a7bbd73250516f069df18b500', 'uploads/1624240500_avatar.png', NULL, 1, '2021-01-20 14:02:37', '2021-06-21 09:55:07'),
(4, 'John', 'Smith', 'jsmith', '1254737c076cf867dc53d60a0364f38e', NULL, NULL, 0, '2021-06-19 08:36:09', '2021-06-19 10:53:12'),
(5, 'Claire', 'Blake', 'cblake', '4744ddea876b11dcb1d169fadf494418', NULL, NULL, 0, '2021-06-19 10:01:51', '2021-06-19 12:03:23'),
(6, 'Mosharat', 'Jahan', 'mosharat', '0192023a7bbd73250516f069df18b500', NULL, NULL, 0, '2021-06-19 08:36:09', '2021-06-19 10:53:12');

--
-- Indexes for dumped tables
--

--
-- Indexes for table `care_and_disease`
--
ALTER TABLE `care_and_disease`
  ADD PRIMARY KEY (`id`);

--
-- Indexes for table `care_categories`
--
ALTER TABLE `care_categories`
  ADD PRIMARY KEY (`id`);

--
-- Indexes for table `care_sub_categories`
--
ALTER TABLE `care_sub_categories`
  ADD PRIMARY KEY (`id`);

--
-- Indexes for table `cart`
--
ALTER TABLE `cart`
  ADD PRIMARY KEY (`id`);

--
-- Indexes for table `categories`
--
ALTER TABLE `categories`
  ADD PRIMARY KEY (`id`);

--
-- Indexes for table `clients`
--
ALTER TABLE `clients`
  ADD PRIMARY KEY (`id`);

--
-- Indexes for table `comments`
--
ALTER TABLE `comments`
  ADD PRIMARY KEY (`id`);

--
-- Indexes for table `image2`
--
ALTER TABLE `image2`
  ADD PRIMARY KEY (`id`);

--
-- Indexes for table `inventory`
--
ALTER TABLE `inventory`
  ADD PRIMARY KEY (`id`);

--
-- Indexes for table `orders`
--
ALTER TABLE `orders`
  ADD PRIMARY KEY (`id`);

--
-- Indexes for table `order_list`
--
ALTER TABLE `order_list`
  ADD PRIMARY KEY (`id`);

--
-- Indexes for table `products`
--
ALTER TABLE `products`
  ADD PRIMARY KEY (`id`);

--
-- Indexes for table `sales`
--
ALTER TABLE `sales`
  ADD PRIMARY KEY (`id`);

--
-- Indexes for table `sizes`
--
ALTER TABLE `sizes`
  ADD PRIMARY KEY (`id`);

--
-- Indexes for table `sub_categories`
--
ALTER TABLE `sub_categories`
  ADD PRIMARY KEY (`id`);

--
-- Indexes for table `system_info`
--
ALTER TABLE `system_info`
  ADD PRIMARY KEY (`id`);

--
-- Indexes for table `users`
--
ALTER TABLE `users`
  ADD PRIMARY KEY (`id`);

--
-- AUTO_INCREMENT for dumped tables
--

--
-- AUTO_INCREMENT for table `care_and_disease`
--
ALTER TABLE `care_and_disease`
  MODIFY `id` int(30) NOT NULL AUTO_INCREMENT, AUTO_INCREMENT=21;

--
-- AUTO_INCREMENT for table `care_categories`
--
ALTER TABLE `care_categories`
  MODIFY `id` int(30) NOT NULL AUTO_INCREMENT, AUTO_INCREMENT=5;

--
-- AUTO_INCREMENT for table `care_sub_categories`
--
ALTER TABLE `care_sub_categories`
  MODIFY `id` int(30) NOT NULL AUTO_INCREMENT, AUTO_INCREMENT=10;

--
-- AUTO_INCREMENT for table `cart`
--
ALTER TABLE `cart`
  MODIFY `id` int(30) NOT NULL AUTO_INCREMENT, AUTO_INCREMENT=11;

--
-- AUTO_INCREMENT for table `categories`
--
ALTER TABLE `categories`
  MODIFY `id` int(30) NOT NULL AUTO_INCREMENT, AUTO_INCREMENT=6;

--
-- AUTO_INCREMENT for table `clients`
--
ALTER TABLE `clients`
  MODIFY `id` int(30) NOT NULL AUTO_INCREMENT, AUTO_INCREMENT=3;

--
-- AUTO_INCREMENT for table `comments`
--
ALTER TABLE `comments`
  MODIFY `id` int(11) NOT NULL AUTO_INCREMENT, AUTO_INCREMENT=4;

--
-- AUTO_INCREMENT for table `image2`
--
ALTER TABLE `image2`
  MODIFY `id` int(11) NOT NULL AUTO_INCREMENT, AUTO_INCREMENT=14;

--
-- AUTO_INCREMENT for table `inventory`
--
ALTER TABLE `inventory`
  MODIFY `id` int(30) NOT NULL AUTO_INCREMENT, AUTO_INCREMENT=37;

--
-- AUTO_INCREMENT for table `orders`
--
ALTER TABLE `orders`
  MODIFY `id` int(30) NOT NULL AUTO_INCREMENT, AUTO_INCREMENT=6;

--
-- AUTO_INCREMENT for table `order_list`
--
ALTER TABLE `order_list`
  MODIFY `id` int(30) NOT NULL AUTO_INCREMENT, AUTO_INCREMENT=7;

--
-- AUTO_INCREMENT for table `products`
--
ALTER TABLE `products`
  MODIFY `id` int(30) NOT NULL AUTO_INCREMENT, AUTO_INCREMENT=41;

--
-- AUTO_INCREMENT for table `sales`
--
ALTER TABLE `sales`
  MODIFY `id` int(30) NOT NULL AUTO_INCREMENT, AUTO_INCREMENT=6;

--
-- AUTO_INCREMENT for table `sizes`
--
ALTER TABLE `sizes`
  MODIFY `id` int(30) NOT NULL AUTO_INCREMENT, AUTO_INCREMENT=7;

--
-- AUTO_INCREMENT for table `sub_categories`
--
ALTER TABLE `sub_categories`
  MODIFY `id` int(30) NOT NULL AUTO_INCREMENT, AUTO_INCREMENT=9;

--
-- AUTO_INCREMENT for table `system_info`
--
ALTER TABLE `system_info`
  MODIFY `id` int(30) NOT NULL AUTO_INCREMENT, AUTO_INCREMENT=15;

--
-- AUTO_INCREMENT for table `users`
--
ALTER TABLE `users`
  MODIFY `id` int(50) NOT NULL AUTO_INCREMENT, AUTO_INCREMENT=7;
COMMIT;

/*!40101 SET CHARACTER_SET_CLIENT=@OLD_CHARACTER_SET_CLIENT */;
/*!40101 SET CHARACTER_SET_RESULTS=@OLD_CHARACTER_SET_RESULTS */;
/*!40101 SET COLLATION_CONNECTION=@OLD_COLLATION_CONNECTION */;
